temperature,turbidity,tds,ph,result
15,29,7,9,2
15,20,5,8,2
34,58,1,14,2
37,35,1,9,2
30,27,9,4,2
29,79,1,12,2
19,51,7,7,2
35,69,3,14,2
34,20,11,9,2
28,27,5,12,2
16,53,12,6,2
22,72,9,2,2
20,79,7,8,2
16,47,12,7,2
24,57,4,3,2
36,34,2,4,2
24,35,10,7,2
31,71,3,9,2
34,59,1,6,2
17,44,4,3,2
33,25,6,9,2
28,48,1,7,2
32,55,4,6,2
15,48,6,5,2
29,32,11,3,2
37,34,6,2,2
27,77,10,5,2
25,73,5,6,2
20,46,1,1,2
31,60,1,10,2
40,27,1,5,2
35,48,6,12,2
24,31,12,10,1
36,72,1,2,2
29,35,2,10,2
36,31,1,9,2
40,71,1,9,2
32,37,11,6,2
22,59,4,14,2
22,33,3,6,2
15,75,3,14,2
19,22,9,2,2
38,76,12,14,2
24,65,11,11,1
35,63,7,1,2
35,80,5,2,2
33,51,1,14,2
23,42,3,12,2
40,58,4,8,2
27,44,9,1,2
21,74,6,10,2
36,37,11,3,2
38,30,3,9,2
33,61,3,13,2
28,56,5,12,2
23,76,3,11,2
18,36,1,4,2
32,21,9,12,1
22,75,5,10,2
36,51,6,7,2
19,42,2,3,2
21,40,10,14,1
30,56,9,8,2
25,26,10,5,2
33,49,10,9,2
17,70,4,3,2
37,74,12,1,2
24,58,1,6,2
21,34,7,7,2
30,77,2,13,2
30,48,4,12,2
24,30,7,13,1
30,26,12,3,2
28,63,1,3,2
36,78,6,5,2
21,42,1,9,2
36,52,11,3,2
34,54,6,11,1
37,32,3,9,2
30,26,12,2,2
36,20,9,4,2
16,50,3,12,2
39,67,10,4,2
37,38,6,1,2
23,21,12,12,1
28,31,11,4,2
15,29,3,3,2
27,66,4,4,2
16,75,9,8,2
34,74,4,4,2
32,38,7,4,2
31,78,5,12,2
30,40,4,7,2
30,48,4,10,2
37,73,3,13,2
26,40,3,4,2
25,26,7,10,1
38,54,8,4,2
18,20,2,9,2
27,34,4,4,2
21,53,2,9,2
18,63,2,14,2
26,20,12,4,2
20,31,10,4,2
26,55,4,2,2
31,52,8,3,2
36,63,7,12,2
29,51,3,9,2
17,55,10,4,2
24,34,10,14,1
17,21,2,9,2
36,48,12,1,2
34,21,11,5,2
33,51,6,12,1
17,30,6,8,2
15,67,8,6,2
27,41,11,10,1
34,74,6,5,2
37,72,10,13,2
37,72,9,9,2
32,37,5,8,2
37,65,4,8,2
17,43,10,9,0
27,21,5,13,2
33,60,1,6,2
27,59,6,2,2
29,79,6,7,2
40,56,12,10,2
27,49,3,14,2
39,49,4,1,2
26,57,9,7,2
20,74,2,8,2
35,31,5,3,2
37,21,7,6,2
29,78,3,4,2
32,33,1,11,2
24,30,2,7,2
25,39,6,1,2
25,58,11,3,2
35,64,11,11,2
35,61,9,11,2
39,22,3,14,2
21,78,11,11,2
30,61,12,13,1
30,56,11,9,2
38,61,1,14,2
26,39,12,1,2
38,27,11,4,2
26,69,12,4,2
29,77,3,2,2
40,43,1,12,2
17,39,3,10,2
18,23,12,8,0
40,39,7,14,2
33,25,2,6,2
20,24,2,2,2
30,75,4,5,2
25,53,7,4,2
23,47,12,10,1
31,67,9,4,2
36,37,4,2,2
29,32,6,2,2
27,38,9,3,2
40,20,9,1,2
28,71,2,5,2
18,80,10,4,2
18,40,6,13,1
26,22,6,10,1
40,23,9,8,2
18,42,4,10,2
18,73,2,1,2
33,43,9,13,1
21,60,12,9,2
31,57,7,12,1
37,40,2,10,2
26,30,9,5,2
27,73,12,6,2
22,43,6,3,2
38,33,6,1,2
37,36,12,5,2
17,52,1,14,2
33,80,8,2,2
30,30,3,13,2
28,21,4,11,2
15,73,9,9,2
27,80,1,12,2
31,21,5,13,2
23,35,3,13,2
33,71,2,6,2
34,65,10,14,1
31,80,6,1,2
17,34,9,10,1
25,48,4,8,2
35,25,6,3,2
32,43,8,5,2
29,56,5,7,2
36,71,12,14,2
16,59,11,11,1
20,31,5,13,2
40,37,4,12,2
30,55,8,14,1
38,26,11,7,2
20,57,8,6,2
32,41,12,14,1
34,65,3,5,2
35,67,8,3,2
27,65,4,8,2
15,66,8,1,2
30,79,2,14,2
21,75,4,14,2
16,79,10,9,2
27,36,4,1,2
15,66,5,11,2
35,64,11,7,2
27,70,11,3,2
21,23,10,12,1
23,39,3,6,2
19,75,7,3,2
35,71,2,8,2
37,46,2,3,2
15,27,3,7,2
29,35,5,13,2
30,38,7,14,1
19,75,10,7,2
25,73,4,9,2
33,29,1,3,2
17,24,2,2,2
31,68,7,7,2
37,67,5,7,2
17,79,6,8,2
36,55,1,5,2
28,72,3,10,2
25,20,7,9,2
29,50,3,13,2
23,49,6,4,2
40,44,12,7,2
23,53,11,7,2
39,74,8,6,2
22,38,8,5,2
23,35,1,9,2
17,31,11,12,1
16,34,3,5,2
40,34,4,7,2
19,37,9,2,2
34,22,4,7,2
31,29,3,10,2
28,26,4,13,2
18,24,1,6,2
37,78,8,5,2
21,59,11,4,2
37,29,5,12,2
19,35,10,13,1
30,57,12,10,1
39,76,8,14,2
38,42,2,1,2
30,50,7,14,1
40,36,8,4,2
23,77,1,10,2
25,40,10,5,2
38,74,12,9,2
21,27,3,7,2
20,24,6,8,2
24,49,7,8,2
19,62,12,8,2
16,65,4,3,2
30,25,1,4,2
16,32,5,14,2
31,25,11,1,2
16,65,12,6,2
35,67,9,8,2
37,50,1,8,2
39,34,6,7,2
22,72,3,7,2
28,48,11,13,1
38,52,4,14,2
38,47,1,9,2
27,49,9,12,1
26,73,11,9,2
26,49,2,11,2
20,57,6,14,1
33,66,3,2,2
25,80,7,5,2
40,65,9,7,2
27,51,3,1,2
22,35,5,8,2
29,72,11,13,2
21,54,6,13,1
21,37,8,4,2
27,70,1,14,2
32,41,4,12,2
15,44,10,8,0
32,36,12,3,2
31,22,4,2,2
22,50,2,14,2
28,73,6,14,2
25,35,9,13,1
36,42,3,9,2
39,71,10,8,2
19,28,11,9,0
18,32,2,7,2
16,65,9,7,2
30,29,10,1,2
28,63,6,10,1
23,21,8,7,2
15,23,5,14,2
22,51,11,13,1
22,66,3,6,2
31,38,10,2,2
29,57,12,3,2
30,43,8,5,2
17,78,4,7,2
31,29,4,14,2
38,22,7,1,2
23,68,1,2,2
28,42,5,13,2
40,66,1,5,2
32,60,5,3,2
33,68,2,5,2
20,77,5,14,2
35,78,10,14,2
20,24,6,1,2
29,23,7,10,1
37,65,6,14,2
17,45,12,6,2
39,41,1,14,2
20,56,2,14,2
23,61,5,14,2
40,61,4,6,2
25,28,6,3,2
36,48,8,8,2
37,46,12,4,2
16,68,5,7,2
17,33,7,5,2
23,57,7,1,2
27,30,2,8,2
36,57,5,14,2
35,29,6,8,2
30,58,8,9,2
24,66,6,12,1
29,20,1,3,2
28,35,3,5,2
30,65,10,1,2
40,62,3,9,2
17,51,7,10,1
18,38,2,12,2
32,51,1,2,2
21,62,11,11,1
22,53,1,4,2
37,57,6,9,2
32,38,7,8,2
39,46,1,14,2
20,41,12,14,1
23,44,6,9,2
28,55,9,12,1
18,53,2,12,2
15,34,3,9,2
22,67,10,12,1
19,66,6,14,1
19,32,12,5,2
20,80,6,3,2
36,61,1,3,2
31,78,1,13,2
36,57,9,14,2
15,55,8,4,2
40,57,4,4,2
20,44,3,2,2
22,49,11,3,2
20,39,9,7,2
22,56,10,13,1
29,55,1,8,2
22,71,11,7,2
26,63,10,4,2
18,49,11,8,0
20,45,6,12,1
37,69,6,4,2
16,78,10,2,2
31,64,3,11,2
27,78,7,7,2
31,79,12,10,2
16,74,3,6,2
29,21,4,12,2
38,51,12,14,2
38,63,4,6,2
21,53,7,13,1
39,64,9,4,2
18,44,6,12,1
25,36,1,2,2
37,78,9,8,2
18,48,8,1,2
39,30,2,2,2
36,50,5,1,2
39,72,5,8,2
26,28,7,12,1
28,46,1,14,2
22,59,5,8,2
22,40,1,2,2
18,69,12,12,1
38,54,2,11,2
24,48,4,2,2
16,37,9,6,2
26,73,12,6,2
31,62,11,9,2
40,49,4,6,2
36,67,6,14,2
26,50,9,4,2
39,22,11,10,2
28,59,6,10,1
25,54,9,14,1
21,63,8,5,2
39,56,2,12,2
16,71,5,5,2
16,61,9,2,2
20,80,8,7,2
26,34,1,7,2
19,24,11,8,0
16,51,5,13,2
40,77,4,11,2
16,55,1,12,2
34,58,1,1,2
37,67,6,5,2
39,26,4,5,2
25,42,10,7,2
37,23,11,11,2
40,51,2,7,2
29,35,9,3,2
36,46,1,12,2
21,32,6,14,1
31,28,4,11,2
19,68,8,9,2
18,56,3,4,2
23,28,12,7,2
24,41,11,2,2
33,79,6,3,2
30,28,7,8,2
36,57,9,12,2
23,27,12,13,1
36,43,3,9,2
30,47,5,5,2
35,22,5,13,2
36,71,5,10,2
24,72,2,13,2
36,29,5,11,2
25,56,5,1,2
40,66,3,13,2
15,80,8,11,2
18,38,7,11,1
29,80,4,9,2
31,61,5,3,2
17,74,10,8,2
25,55,12,2,2
30,68,4,13,2
36,22,12,13,2
17,69,2,13,2
20,70,1,9,2
28,29,5,3,2
23,70,4,6,2
39,35,3,1,2
27,32,11,13,1
32,58,11,7,2
15,77,5,6,2
40,38,9,7,2
30,66,6,3,2
27,66,5,12,2
25,26,5,8,2
20,65,6,1,2
31,56,1,9,2
19,48,3,10,2
26,21,9,6,2
40,40,2,12,2
21,65,2,14,2
36,30,8,14,2
37,29,11,3,2
24,52,10,5,2
21,23,12,14,1
20,63,7,8,2
17,71,3,2,2
24,43,2,14,2
23,78,12,9,2
18,32,10,2,2
18,68,8,14,1
39,38,9,3,2
15,34,4,9,2
23,45,10,1,2
15,63,12,13,1
34,27,4,5,2
33,61,1,10,2
29,75,12,13,2
29,28,11,13,1
25,62,10,14,1
29,37,11,9,2
31,24,10,5,2
36,74,12,10,2
33,31,6,14,1
37,42,8,3,2
17,42,8,7,2
20,76,9,1,2
19,59,6,4,2
26,79,1,6,2
36,76,3,7,2
30,62,4,13,2
30,42,9,5,2
24,31,3,5,2
31,67,11,12,1
23,73,2,11,2
28,71,4,4,2
28,43,6,9,2
22,35,6,1,2
19,48,6,4,2
28,63,3,13,2
33,76,1,1,2
21,56,7,7,2
35,28,10,12,2
22,71,1,14,2
36,53,4,10,2
15,22,11,1,2
16,42,1,9,2
17,30,2,13,2
35,32,5,11,2
40,60,5,1,2
36,31,12,1,2
38,76,4,5,2
32,44,1,6,2
18,61,1,1,2
29,62,12,10,1
27,53,2,12,2
18,20,5,5,2
36,55,2,14,2
21,76,2,13,2
30,30,10,12,1
39,75,12,3,2
19,52,4,2,2
16,51,10,9,2
29,74,8,10,2
36,63,7,7,2
16,27,10,1,2
18,55,8,1,2
33,52,6,1,2
23,28,10,10,1
31,79,5,6,2
39,58,9,12,2
34,58,9,8,2
29,65,7,6,2
24,20,5,6,2
17,44,7,2,2
36,43,12,6,2
17,34,11,5,2
21,31,9,13,1
19,77,11,5,2
16,44,7,9,2
28,68,9,11,1
33,69,12,8,2
26,50,9,8,2
29,48,10,5,2
36,79,3,11,2
34,47,9,4,2
17,33,9,5,2
27,30,1,9,2
31,75,9,11,2
36,44,7,12,2
27,69,5,10,2
38,79,10,13,2
36,62,7,8,2
19,31,3,2,2
24,31,2,5,2
22,51,9,3,2
39,33,3,12,2
19,40,5,7,2
20,76,11,6,2
30,77,5,5,2
20,29,3,1,2
21,59,10,13,1
28,59,2,4,2
37,77,12,11,2
23,56,7,6,2
23,67,2,1,2
17,60,6,12,1
17,40,6,4,2
31,21,9,8,2
32,66,6,6,2
22,67,1,6,2
21,36,2,14,2
36,21,8,1,2
33,26,11,10,1
26,28,1,10,2
27,42,4,1,2
20,55,11,1,2
25,31,4,9,2
19,62,5,9,2
40,24,1,3,2
35,27,5,2,2
16,22,4,4,2
20,21,6,5,2
23,52,5,4,2
28,35,8,11,1
15,38,12,3,2
33,23,6,9,2
35,72,1,6,2
38,59,2,14,2
37,80,2,3,2
18,35,8,3,2
20,47,4,13,2
19,48,12,4,2
17,80,5,8,2
17,80,4,11,2
40,63,10,11,2
15,29,8,2,2
40,44,5,2,2
36,79,8,10,2
30,65,9,7,2
16,21,11,13,1
38,36,8,4,2
29,57,9,4,2
18,76,4,6,2
36,67,8,12,2
28,43,1,5,2
32,20,11,2,2
20,39,11,7,2
22,67,12,4,2
40,66,9,10,2
16,68,1,3,2
33,43,4,5,2
23,29,6,3,2
25,68,11,4,2
19,52,7,11,1
16,50,9,10,1
16,33,12,6,2
17,63,4,6,2
20,52,9,7,2
21,69,4,7,2
27,49,8,7,2
31,78,12,7,2
29,52,1,14,2
35,52,4,3,2
29,54,5,1,2
40,38,1,4,2
23,77,4,11,2
32,64,9,11,1
22,49,5,11,2
24,71,10,10,2
21,47,1,11,2
30,71,1,2,2
22,73,4,10,2
28,70,3,6,2
35,80,6,6,2
30,33,10,8,2
15,47,1,3,2
22,52,8,3,2
29,47,9,10,1
36,73,10,4,2
26,65,3,2,2
16,31,2,11,2
31,40,7,14,1
17,75,9,14,2
25,41,10,14,1
29,56,7,2,2
15,52,12,11,1
36,28,6,2,2
35,74,1,12,2
17,53,6,9,2
25,43,4,12,2
25,65,6,9,2
17,31,3,2,2
21,39,3,12,2
18,26,6,6,2
28,22,10,1,2
25,20,6,8,2
37,36,9,11,2
38,30,9,8,2
17,63,9,4,2
35,23,6,11,2
29,55,2,4,2
39,75,8,6,2
26,24,10,8,0
20,78,11,1,2
20,49,9,12,1
29,68,8,3,2
32,35,9,6,2
15,79,1,12,2
25,70,5,4,2
40,71,1,4,2
29,48,2,2,2
40,62,3,3,2
34,51,2,11,2
20,37,5,9,2
35,27,9,3,2
32,64,12,4,2
31,72,6,2,2
18,50,3,3,2
22,40,8,14,1
32,63,3,4,2
20,55,3,9,2
32,74,3,1,2
34,33,9,1,2
20,66,12,14,1
39,21,12,12,2
20,79,2,6,2
32,51,9,13,1
29,50,4,3,2
28,48,10,8,0
19,80,9,13,2
24,43,9,6,2
22,43,10,9,0
17,66,8,12,1
18,47,5,4,2
28,25,7,11,1
40,20,6,12,2
26,35,11,3,2
40,49,10,9,2
19,74,1,11,2
32,72,5,9,2
30,29,1,5,2
27,62,12,11,1
32,41,3,9,2
22,72,3,13,2
35,22,12,7,2
16,69,5,7,2
25,37,11,1,2
36,61,7,7,2
34,77,2,13,2
18,27,10,1,2
19,53,7,2,2
16,42,4,5,2
38,31,7,13,2
30,58,3,7,2
18,79,6,9,2
40,33,3,12,2
23,80,5,4,2
28,42,6,9,2
36,32,7,7,2
26,28,11,13,1
26,25,10,3,2
27,54,2,1,2
24,77,2,7,2
40,47,12,7,2
24,67,9,13,1
38,67,4,2,2
26,48,12,9,0
23,31,3,5,2
15,57,11,10,1
19,28,3,14,2
18,24,6,13,1
20,34,8,12,1
35,49,10,14,2
37,72,7,2,2
30,54,4,14,2
39,63,1,6,2
39,24,10,8,2
35,75,8,12,2
36,32,3,10,2
33,67,2,2,2
17,44,8,13,1
31,54,3,12,2
32,24,5,7,2
15,28,4,10,2
40,26,7,6,2
27,22,2,6,2
26,44,9,10,1
20,42,9,3,2
33,77,4,3,2
21,74,9,5,2
22,29,2,14,2
33,36,7,2,2
21,30,7,7,2
17,71,5,14,2
25,71,2,13,2
30,41,4,13,2
33,41,4,9,2
36,63,4,9,2
40,57,6,9,2
31,29,5,10,2
37,28,8,11,2
24,65,6,8,2
24,63,10,14,1
17,46,5,7,2
24,39,10,13,1
30,74,7,9,2
31,47,4,10,2
18,34,6,6,2
35,56,9,12,2
29,46,8,10,1
20,75,10,7,2
36,26,4,4,2
32,30,5,10,2
40,35,2,4,2
36,71,11,14,2
26,37,8,5,2
37,31,4,3,2
34,25,9,12,1
17,23,6,3,2
17,54,3,11,2
24,55,5,1,2
34,34,4,12,2
39,56,3,11,2
21,79,11,7,2
38,75,11,1,2
30,53,9,10,1
24,44,3,14,2
24,38,6,7,2
24,34,8,14,1
23,58,9,12,1
29,20,1,2,2
23,74,3,8,2
31,46,5,12,2
40,29,3,5,2
39,23,12,9,2
29,44,9,4,2
26,69,9,5,2
20,42,3,12,2
24,53,3,5,2
35,33,4,5,2
29,80,2,6,2
22,35,5,7,2
29,37,9,10,1
39,33,7,10,2
38,68,2,8,2
34,29,8,13,1
17,79,2,11,2
22,78,1,6,2
25,64,11,14,1
30,79,12,10,2
27,30,2,1,2
17,37,3,7,2
39,79,6,11,2
39,48,3,2,2
23,61,10,4,2
22,39,4,11,2
33,78,8,14,2
34,55,12,12,1
40,57,2,12,2
25,56,7,5,2
37,44,9,2,2
25,50,2,13,2
29,49,4,12,2
34,72,5,6,2
30,34,3,14,2
26,60,12,5,2
35,53,4,6,2
25,65,7,9,2
35,61,11,6,2
26,36,6,11,1
26,77,9,2,2
40,39,12,6,2
21,62,11,6,2
34,58,7,11,1
21,53,8,10,1
31,50,1,8,2
31,67,8,14,1
19,40,5,9,2
31,57,1,1,2
19,46,5,1,2
17,75,8,2,2
21,62,8,14,1
30,70,4,4,2
28,67,9,14,1
33,52,2,7,2
31,66,6,3,2
35,48,12,12,2
31,77,6,8,2
36,59,8,3,2
19,68,4,6,2
34,53,11,4,2
17,75,11,8,2
22,54,3,12,2
33,45,3,10,2
39,45,4,13,2
23,52,5,6,2
39,22,12,4,2
26,63,8,2,2
39,57,2,4,2
25,41,3,10,2
36,37,12,6,2
37,68,1,4,2
21,58,12,7,2
34,79,5,13,2
40,46,9,4,2
38,67,1,11,2
34,23,7,7,2
39,40,5,2,2
34,42,7,1,2
16,20,4,14,2
37,61,4,9,2
22,53,3,6,2
30,42,5,10,2
27,20,1,12,2
30,58,10,10,1
40,77,5,3,2
23,56,12,4,2
32,71,6,3,2
15,36,4,4,2
26,29,6,11,1
26,49,8,14,1
31,52,7,14,1
22,78,10,10,2
25,72,11,8,2
30,67,4,7,2
36,43,9,7,2
32,67,1,4,2
15,31,12,12,1
36,26,7,14,2
40,39,3,1,2
25,45,6,1,2
36,25,4,4,2
32,77,3,11,2
33,50,3,8,2
32,64,10,10,1
27,49,4,6,2
18,52,10,8,2
25,49,9,2,2
26,79,9,12,2
29,79,7,8,2
26,80,7,2,2
37,54,3,4,2
22,73,6,4,2
31,61,8,10,1
28,24,5,4,2
27,67,1,8,2
32,44,10,8,2
28,38,2,2,2
34,39,1,7,2
29,37,4,12,2
35,27,8,14,2
22,49,2,7,2
20,21,2,10,2
22,25,12,2,2
37,61,9,2,2
32,65,6,4,2
20,73,3,5,2
26,57,5,11,2
24,57,3,7,2
17,38,7,8,2
20,26,12,5,2
27,44,10,13,1
33,64,10,8,2
30,65,2,4,2
22,62,10,9,2
32,63,4,3,2
21,74,7,2,2
27,59,9,10,1
20,76,9,10,2
21,42,12,11,1
16,65,3,14,2
36,79,5,2,2
24,72,8,10,2
29,54,6,2,2
38,49,8,12,2
36,53,11,6,2
17,44,9,6,2
28,54,3,7,2
37,77,12,7,2
27,43,1,9,2
21,65,10,4,2
20,59,2,4,2
36,39,4,10,2
33,37,12,8,2
40,41,1,3,2
32,45,12,12,1
39,59,3,9,2
37,40,1,1,2
22,69,10,1,2
29,62,8,6,2
32,49,9,3,2
27,78,10,10,2
40,35,7,2,2
32,72,4,3,2
30,31,1,13,2
19,80,12,4,2
39,24,8,2,2
34,70,8,11,2
29,36,12,4,2
33,37,11,14,1
16,55,4,1,2
27,49,10,4,2
29,77,3,14,2
15,59,12,10,1
27,58,3,2,2
40,74,5,8,2
27,24,6,8,2
19,60,3,6,2
20,22,12,8,0
19,29,1,2,2
19,30,1,9,2
24,52,6,12,1
32,24,6,2,2
21,69,4,10,2
38,39,5,2,2
35,58,2,8,2
32,69,6,5,2
31,58,5,12,2
28,64,5,5,2
39,72,12,12,2
15,38,4,14,2
29,39,2,14,2
16,29,8,1,2
31,29,5,10,2
26,37,1,5,2
38,32,1,9,2
27,45,8,5,2
27,35,8,7,2
31,47,2,10,2
29,70,3,8,2
38,67,1,1,2
30,57,10,7,2
37,66,1,9,2
38,47,1,4,2
20,43,11,12,1
30,54,7,13,1
20,50,7,13,1
29,73,9,7,2
26,45,7,5,2
21,46,5,13,2
40,33,4,5,2
37,30,7,10,2
33,35,3,8,2
30,37,3,8,2
32,42,3,6,2
28,72,11,11,2
31,57,5,12,2
15,56,10,11,1
25,71,3,13,2
20,68,12,8,2
23,71,10,11,2
35,35,3,13,2
28,44,8,1,2
33,27,4,3,2
40,47,5,9,2
21,48,6,14,1
38,41,5,14,2
17,35,11,1,2
36,20,10,4,2
34,37,11,13,1
26,52,6,4,2
26,34,4,9,2
39,30,8,5,2
23,35,5,1,2
19,51,4,7,2
30,26,6,1,2
34,42,6,10,1
29,64,8,2,2
21,76,12,11,2
34,74,2,10,2
25,70,8,3,2
33,38,2,7,2
27,67,6,14,1
35,31,5,8,2
23,76,7,7,2
26,54,2,9,2
36,55,10,7,2
30,78,3,3,2
36,32,1,9,2
19,76,6,8,2
40,27,12,5,2
22,52,1,14,2
25,55,9,11,1
38,32,2,7,2
27,75,6,4,2
23,36,11,12,1
20,73,6,1,2
27,53,7,2,2
28,77,10,5,2
26,55,1,8,2
40,49,1,5,2
40,52,2,4,2
25,36,6,5,2
38,63,3,14,2
37,33,8,12,2
28,42,2,14,2
29,64,1,8,2
23,66,10,7,2
34,47,7,13,1
34,72,5,7,2
30,54,2,11,2
24,58,4,3,2
19,62,3,7,2
23,59,4,5,2
23,21,8,3,2
17,33,2,13,2
36,79,8,4,2
33,55,1,12,2
36,46,6,1,2
36,20,2,7,2
31,78,3,14,2
40,52,2,10,2
39,77,1,6,2
39,27,2,7,2
34,20,12,9,2
39,78,6,13,2
33,52,9,8,2
17,78,2,12,2
30,23,10,1,2
37,42,5,12,2
19,44,3,6,2
34,20,3,13,2
16,78,7,11,2
40,33,9,14,2
27,28,6,11,1
25,62,4,13,2
18,79,4,11,2
27,49,5,2,2
35,79,1,7,2
28,51,6,4,2
25,74,9,9,2
23,52,4,3,2
38,69,10,9,2
31,56,9,3,2
36,46,6,4,2
34,36,6,1,2
20,42,9,12,1
28,77,9,13,2
15,50,2,6,2
40,24,2,2,2
38,59,6,12,2
26,79,5,7,2
17,26,7,2,2
32,66,12,11,1
39,24,12,1,2
23,30,6,14,1
23,54,1,2,2
26,34,11,8,0
21,47,3,8,2
15,71,8,12,2
28,33,6,2,2
15,20,5,12,2
37,56,3,12,2
18,75,12,13,2
17,79,8,1,2
40,24,1,5,2
22,63,1,2,2
16,26,4,12,2
16,49,10,4,2
37,78,10,11,2
39,49,12,6,2
23,57,10,11,1
15,77,6,8,2
32,48,10,2,2
17,53,2,1,2
27,50,8,7,2
21,51,4,7,2
16,27,10,4,2
36,73,7,12,2
24,28,7,7,2
16,67,1,4,2
34,26,12,3,2
36,65,3,9,2
18,61,10,9,2
33,24,11,11,1
21,24,9,11,1
38,63,3,12,2
34,76,8,11,2
19,33,9,5,2
27,67,6,14,1
16,73,5,3,2
28,80,1,13,2
28,68,12,10,1
33,73,12,8,2
17,44,4,9,2
40,32,8,8,2
32,59,4,3,2
34,35,3,3,2
34,67,8,2,2
26,21,8,7,2
30,30,6,10,1
20,54,11,9,2
17,23,4,5,2
22,68,11,14,1
27,23,1,10,2
32,22,3,10,2
26,32,8,2,2
33,36,4,9,2
24,77,8,2,2
16,66,6,10,1
26,37,10,5,2
35,63,4,2,2
16,60,5,13,2
15,27,11,1,2
36,77,4,12,2
19,51,8,14,1
20,68,1,9,2
37,68,6,6,2
32,41,4,5,2
39,25,10,13,2
25,39,5,5,2
25,79,1,6,2
29,29,2,3,2
38,62,1,14,2
19,33,8,1,2
19,32,11,12,1
18,38,10,12,1
25,21,6,7,2
31,37,11,12,1
29,52,3,13,2
35,62,11,7,2
19,51,12,2,2
18,70,1,12,2
30,47,4,11,2
25,51,10,11,1
17,70,12,7,2
19,50,6,3,2
17,71,5,5,2
27,68,1,4,2
33,62,1,3,2
28,25,9,11,1
16,22,6,10,1
19,34,4,13,2
37,72,9,7,2
39,55,3,14,2
35,59,6,7,2
16,65,11,5,2
31,42,4,3,2
20,55,12,14,1
28,45,6,1,2
26,56,1,8,2
28,49,10,10,1
16,69,9,11,1
24,56,6,7,2
21,79,5,7,2
20,73,4,14,2
35,33,11,4,2
23,43,10,14,1
39,32,8,3,2
37,24,10,3,2
18,48,3,1,2
35,71,9,14,2
31,36,7,14,1
24,46,9,1,2
33,64,4,5,2
33,51,11,6,2
23,22,5,4,2
15,41,4,7,2
33,47,5,1,2
35,65,11,14,2
31,61,1,3,2
17,55,10,5,2
31,34,7,6,2
35,24,3,10,2
21,80,9,9,2
16,58,1,9,2
39,67,10,13,2
32,62,12,10,1
24,77,1,14,2
29,25,5,5,2
34,31,1,2,2
15,77,12,3,2
33,45,11,12,1
22,68,11,13,1
23,62,2,6,2
25,20,1,8,2
21,42,8,2,2
29,45,9,2,2
39,61,4,6,2
25,38,3,1,2
37,35,10,10,2
15,56,4,13,2
23,43,10,13,1
40,71,6,11,2
21,59,6,13,1
37,68,6,1,2
24,39,5,12,2
25,45,7,14,1
20,21,11,1,2
24,67,8,7,2
16,27,11,7,2
18,74,6,5,2
16,36,8,5,2
35,77,1,8,2
18,54,8,8,2
37,25,5,7,2
15,53,7,9,2
22,56,6,4,2
25,54,7,11,1
39,56,11,1,2
39,53,3,11,2
21,35,1,9,2
35,56,8,7,2
28,56,2,3,2
17,54,4,12,2
37,26,8,6,2
30,51,8,6,2
29,31,10,2,2
22,21,6,6,2
33,48,4,7,2
30,79,3,6,2
30,36,10,5,2
26,67,3,3,2
38,26,12,4,2
25,47,8,10,1
34,69,10,10,1
29,55,5,7,2
16,35,4,6,2
21,79,2,7,2
39,47,6,12,2
35,54,6,3,2
22,21,1,9,2
30,26,10,14,1
30,46,3,6,2
37,33,1,3,2
22,75,8,6,2
20,61,1,3,2
38,51,2,10,2
17,28,10,12,1
39,71,4,9,2
22,74,1,12,2
39,34,9,5,2
25,26,9,6,2
22,64,12,5,2
39,45,8,14,2
17,20,11,14,1
37,57,8,5,2
25,48,3,6,2
37,77,7,3,2
39,60,2,4,2
19,36,12,9,0
39,62,1,14,2
15,72,3,6,2
15,30,4,10,2
27,69,11,9,2
30,33,9,13,1
38,32,5,7,2
29,20,5,10,2
31,42,9,3,2
28,42,5,2,2
15,56,8,2,2
33,70,2,11,2
38,48,12,5,2
31,76,11,7,2
29,69,9,11,1
40,26,6,6,2
38,54,6,7,2
16,72,5,12,2
19,60,7,13,1
26,37,12,12,1
18,29,1,2,2
30,54,4,10,2
36,36,1,5,2
39,36,4,3,2
29,36,9,7,2
31,26,9,13,1
31,78,2,14,2
37,34,11,5,2
31,54,2,6,2
34,69,10,8,2
27,30,3,5,2
27,32,1,8,2
20,60,1,5,2
16,55,1,8,2
38,52,8,11,2
37,57,12,3,2
27,80,4,7,2
32,70,3,12,2
24,26,2,6,2
15,74,10,13,2
26,74,12,6,2
33,32,3,4,2
22,55,5,6,2
40,28,7,1,2
27,61,11,2,2
15,77,5,13,2
21,56,3,11,2
38,73,12,7,2
37,51,4,11,2
20,20,12,3,2
17,67,9,3,2
36,61,1,4,2
22,24,6,12,1
28,32,5,11,2
28,49,9,9,0
35,44,7,7,2
33,53,6,4,2
26,60,2,7,2
24,23,9,14,1
40,65,12,5,2
25,59,9,9,2
28,25,7,7,2
15,46,4,4,2
20,75,11,2,2
19,64,3,12,2
34,49,5,5,2
31,33,8,7,2
40,73,7,3,2
25,36,9,14,1
18,47,11,5,2
35,31,6,5,2
20,64,7,1,2
21,37,5,10,2
27,25,1,3,2
39,46,5,12,2
18,22,9,5,2
18,35,11,8,0
26,23,8,3,2
27,65,5,2,2
23,68,6,5,2
39,28,12,10,2
25,38,5,5,2
39,66,9,1,2
28,49,7,4,2
19,65,8,14,1
28,38,6,10,1
39,57,10,8,2
36,61,9,11,2
25,36,2,10,2
23,65,6,6,2
33,61,9,10,1
38,67,8,6,2
30,46,12,3,2
40,22,12,8,2
21,53,7,5,2
18,70,2,2,2
34,77,10,12,2
22,41,1,12,2
39,67,4,9,2
36,70,9,3,2
22,40,6,13,1
22,38,5,10,2
17,59,3,5,2
34,35,11,10,1
37,24,4,10,2
20,49,12,4,2
30,54,11,11,1
33,42,5,12,2
34,57,10,14,1
40,44,8,9,2
19,26,7,14,1
36,69,2,6,2
31,63,6,6,2
21,33,11,13,1
21,61,9,14,1
37,58,2,14,2
21,40,6,13,1
32,59,11,6,2
24,43,6,9,2
40,20,4,4,2
25,21,7,7,2
22,54,2,1,2
18,72,5,12,2
32,37,5,10,2
22,37,11,5,2
31,70,4,11,2
32,64,5,7,2
18,72,7,2,2
27,30,11,4,2
16,77,5,13,2
28,34,5,4,2
34,35,8,14,1
39,52,8,7,2
20,23,8,12,1
25,78,11,4,2
18,73,7,7,2
31,33,12,3,2
31,67,1,4,2
15,65,1,12,2
34,33,11,2,2
39,66,1,4,2
23,57,1,10,2
31,75,5,3,2
31,44,8,13,1
30,64,3,3,2
37,49,10,11,2
29,64,5,5,2
32,27,10,13,1
31,71,8,5,2
38,51,9,10,2
18,61,11,14,1
38,27,12,1,2
23,78,5,1,2
21,72,6,13,2
24,22,4,7,2
40,30,3,11,2
26,43,2,13,2
19,61,3,4,2
20,27,6,13,1
31,29,9,9,2
39,32,6,11,2
33,58,1,5,2
24,23,12,11,1
29,79,11,12,2
15,25,10,14,1
35,43,6,10,2
36,32,6,6,2
25,51,11,11,1
20,22,2,8,2
26,44,2,8,2
30,71,10,7,2
32,58,9,9,2
28,71,3,9,2
15,77,10,4,2
17,69,2,9,2
36,56,12,3,2
30,46,5,2,2
31,35,5,8,2
28,25,1,6,2
24,79,3,8,2
34,21,10,10,1
19,34,8,11,1
28,49,8,5,2
32,68,8,9,2
25,44,12,1,2
34,76,5,3,2
32,20,12,5,2
34,44,8,11,1
29,27,2,10,2
35,34,12,4,2
23,52,7,10,1
40,22,5,14,2
22,51,10,9,2
33,45,12,4,2
38,45,2,11,2
35,45,4,4,2
40,73,10,6,2
24,21,7,8,2
29,53,5,9,2
40,79,5,3,2
26,55,6,9,2
30,20,12,13,1
24,29,8,1,2
29,43,2,10,2
39,31,12,11,2
23,53,8,11,1
38,56,7,4,2
34,45,10,6,2
27,61,5,3,2
25,60,6,13,1
19,70,4,7,2
16,73,7,11,2
28,60,2,13,2
38,22,2,5,2
36,65,11,13,2
29,48,4,4,2
32,25,2,8,2
16,65,8,9,2
16,76,3,3,2
21,56,9,7,2
20,69,5,3,2
16,75,5,6,2
15,70,5,2,2
15,35,10,13,1
35,33,1,14,2
21,26,5,5,2
33,53,10,5,2
28,32,3,5,2
26,46,11,11,1
33,65,6,11,1
40,29,6,7,2
15,31,3,6,2
33,55,4,10,2
27,45,12,4,2
26,25,6,5,2
22,41,9,6,2
16,61,11,1,2
38,22,7,8,2
16,50,12,2,2
36,66,3,14,2
37,21,11,9,2
31,68,10,2,2
23,67,7,11,1
18,55,10,8,2
24,63,8,9,2
19,21,5,14,2
36,43,8,4,2
34,67,1,11,2
35,67,9,12,2
16,78,11,4,2
15,76,4,4,2
28,40,1,5,2
31,35,1,10,2
32,25,8,13,1
31,52,6,12,1
27,28,5,13,2
33,58,2,6,2
28,28,6,7,2
38,41,4,14,2
39,78,9,12,2
34,33,10,6,2
36,45,10,5,2
26,58,3,9,2
27,43,8,8,0
31,74,11,10,2
35,56,10,10,2
15,62,3,6,2
30,72,9,2,2
17,38,12,10,1
21,55,2,10,2
20,62,7,8,2
40,64,11,7,2
39,21,5,2,2
16,44,2,5,2
33,37,5,5,2
34,33,7,1,2
33,55,10,12,1
35,39,8,9,2
34,66,10,1,2
26,76,3,14,2
17,44,10,13,1
27,40,2,3,2
34,24,2,3,2
31,58,9,6,2
19,20,3,7,2
34,79,7,10,2
37,25,3,1,2
22,27,8,7,2
25,37,10,3,2
36,76,2,13,2
38,64,2,1,2
28,25,7,11,1
29,52,9,14,1
16,27,5,5,2
18,53,9,2,2
33,26,3,6,2
18,58,3,3,2
37,22,12,8,2
31,67,2,11,2
16,68,5,7,2
37,69,10,8,2
40,77,9,5,2
30,21,6,3,2
39,58,10,4,2
17,66,10,3,2
23,53,5,12,2
32,39,12,11,1
37,76,12,7,2
29,32,6,1,2
22,27,1,9,2
17,40,4,12,2
19,28,1,5,2
31,71,12,4,2
28,80,2,5,2
36,52,4,1,2
23,43,11,12,1
37,33,5,2,2
19,61,9,9,2
24,70,6,7,2
24,56,12,14,1
26,57,2,9,2
38,56,2,5,2
35,50,2,5,2
16,63,1,13,2
27,36,4,3,2
35,50,11,11,2
40,48,5,14,2
31,35,11,6,2
21,68,1,8,2
25,33,8,6,2
17,26,3,6,2
17,43,12,12,1
20,71,10,9,2
40,51,2,1,2
20,22,1,3,2
24,37,10,8,0
17,60,5,4,2
27,41,9,8,0
23,64,3,11,2
40,73,12,7,2
29,23,7,5,2
26,23,5,8,2
28,54,11,11,1
24,67,7,3,2
23,67,3,12,2
26,40,3,14,2
21,48,3,9,2
18,42,10,8,0
15,22,10,1,2
39,33,6,4,2
40,55,3,10,2
20,30,1,6,2
31,72,6,1,2
27,48,5,13,2
28,20,5,5,2
30,54,9,11,1
22,71,9,11,2
17,59,4,14,2
15,29,3,1,2
37,25,2,7,2
34,34,9,1,2
15,52,2,10,2
23,80,2,4,2
16,72,5,13,2
36,26,3,9,2
20,65,6,5,2
34,46,12,7,2
20,28,3,14,2
28,58,6,3,2
36,56,3,12,2
32,60,8,5,2
29,64,4,7,2
40,31,11,6,2
17,72,7,2,2
37,50,5,9,2
24,58,4,2,2
38,50,9,13,2
34,38,5,2,2
20,38,5,4,2
31,62,9,4,2
37,33,8,1,2
35,64,11,7,2
31,48,2,14,2
30,34,6,8,2
19,48,7,7,2
18,46,4,7,2
31,72,9,9,2
18,53,7,11,1
20,44,11,1,2
38,50,2,9,2
16,68,4,9,2
33,48,12,3,2
15,43,8,2,2
27,65,4,1,2
34,47,10,3,2
25,77,5,4,2
21,23,5,7,2
20,22,1,6,2
38,53,9,8,2
26,31,10,2,2
36,73,8,14,2
37,71,12,4,2
32,71,7,4,2
22,57,3,11,2
34,74,3,7,2
21,35,2,3,2
36,58,4,4,2
26,55,3,5,2
37,27,11,14,2
33,72,10,8,2
22,38,6,1,2
32,65,5,3,2
40,44,5,6,2
36,60,2,14,2
32,46,12,12,1
32,23,2,2,2
29,45,5,8,2
19,49,2,5,2
18,29,7,1,2
20,79,1,14,2
33,44,2,2,2
22,25,11,2,2
23,78,4,5,2
24,74,5,3,2
21,62,8,5,2
29,66,6,11,1
39,68,4,9,2
26,44,1,1,2
39,76,12,11,2
24,43,10,9,0
29,79,2,14,2
25,31,1,3,2
31,34,12,9,2
21,43,7,4,2
27,34,8,7,2
33,37,8,5,2
28,52,3,7,2
33,41,4,4,2
38,30,3,9,2
28,67,12,3,2
21,58,11,4,2
16,77,10,8,2
36,23,7,5,2
17,66,5,8,2
39,63,3,5,2
15,28,10,4,2
31,60,7,4,2
28,56,12,11,1
35,66,5,3,2
29,71,9,11,2
18,70,1,4,2
31,42,10,4,2
38,20,11,11,2
40,20,10,8,2
36,49,11,4,2
19,73,3,13,2
20,51,6,6,2
15,63,12,6,2
22,38,8,13,1
36,73,7,10,2
26,77,11,14,2
37,51,1,8,2
39,35,11,1,2
36,53,7,3,2
38,75,11,1,2
39,25,10,10,2
39,73,9,14,2
26,24,5,4,2
17,48,9,6,2
40,57,6,10,2
18,34,2,4,2
39,45,11,8,2
26,80,4,11,2
20,77,6,12,2
27,38,9,4,2
34,76,3,4,2
36,65,10,2,2
36,80,9,7,2
15,75,11,10,2
22,48,7,2,2
25,71,3,9,2
38,35,9,1,2
32,56,6,1,2
37,56,3,6,2
21,40,3,9,2
39,44,6,8,2
17,78,4,13,2
26,27,11,6,2
28,78,10,11,2
38,75,11,12,2
35,79,5,5,2
17,80,3,9,2
28,43,2,2,2
25,46,11,13,1
29,55,3,7,2
21,71,5,7,2
22,80,7,8,2
16,27,11,9,0
26,58,1,2,2
28,39,12,8,0
33,58,8,12,1
39,72,5,13,2
38,43,7,10,2
15,50,12,11,1
28,38,1,5,2
17,80,4,8,2
20,58,7,6,2
15,46,8,2,2
38,21,3,3,2
18,59,5,8,2
39,27,3,12,2
23,71,9,2,2
30,27,7,10,1
28,22,1,11,2
31,71,12,5,2
25,33,7,8,2
35,51,3,13,2
39,56,8,4,2
27,46,6,3,2
21,43,8,1,2
36,25,5,5,2
18,49,9,3,2
35,43,3,1,2
21,65,9,8,2
38,40,5,8,2
31,34,2,14,2
21,48,6,4,2
37,21,5,1,2
24,78,5,14,2
40,24,11,9,2
30,80,9,1,2
23,73,10,11,2
22,69,8,7,2
39,59,12,1,2
33,36,12,14,1
40,69,11,4,2
25,31,11,1,2
35,70,4,4,2
26,25,2,10,2
29,39,7,9,2
26,32,7,7,2
32,76,8,3,2
26,23,9,2,2
20,48,3,13,2
25,40,11,7,2
40,65,4,8,2
26,26,10,2,2
30,25,1,10,2
15,75,12,14,2
32,78,7,14,2
35,70,9,12,2
33,23,12,6,2
16,40,1,7,2
28,53,5,11,2
28,21,8,4,2
24,35,1,11,2
29,48,9,9,2
38,59,6,6,2
17,42,2,9,2
21,34,6,13,1
34,62,9,13,1
33,50,1,8,2
15,58,10,2,2
34,69,2,7,2
38,44,9,13,2
33,68,1,1,2
28,53,3,12,2
22,32,9,14,1
22,30,7,9,2
21,21,12,13,1
35,23,8,11,2
35,34,8,12,2
22,30,3,4,2
36,74,5,12,2
24,31,8,8,0
17,58,2,10,2
18,67,2,2,2
32,74,10,1,2
25,38,7,10,1
29,63,5,3,2
23,30,4,6,2
39,79,4,14,2
33,46,11,6,2
22,65,2,14,2
32,45,3,8,2
34,65,6,10,1
18,67,7,14,1
38,27,4,1,2
33,76,3,12,2
28,78,1,10,2
26,20,3,6,2
31,49,2,5,2
27,73,6,14,2
37,60,5,8,2
39,58,10,13,2
35,47,3,7,2
38,61,11,13,2
38,34,11,7,2
29,24,7,7,2
29,70,4,11,2
25,38,4,5,2
20,30,9,6,2
28,32,5,12,2
19,45,12,8,0
17,26,3,6,2
24,58,12,10,1
38,74,2,9,2
38,40,5,9,2
20,65,9,13,1
34,78,12,14,2
33,38,6,4,2
31,29,9,7,2
24,49,3,10,2
40,56,1,13,2
33,32,9,8,2
36,23,6,11,2
38,45,7,3,2
26,44,2,6,2
22,33,12,14,1
40,32,10,4,2
16,50,12,1,2
20,23,12,12,1
36,22,2,14,2
39,36,1,4,2
15,68,4,12,2
34,63,10,9,2
17,47,10,14,1
17,49,3,14,2
18,51,12,2,2
38,30,12,2,2
20,31,12,3,2
40,60,7,3,2
21,36,6,7,2
31,47,1,2,2
26,39,4,4,2
28,35,12,13,1
15,35,11,10,1
37,52,4,2,2
20,58,8,7,2
33,71,1,5,2
15,24,2,8,2
18,76,5,13,2
33,74,9,8,2
39,75,4,13,2
29,36,9,12,1
22,58,1,12,2
30,35,7,8,2
20,51,11,13,1
19,74,4,1,2
18,38,10,9,0
17,58,11,7,2
16,57,8,7,2
34,52,5,9,2
38,46,4,12,2
35,52,9,11,2
16,43,8,4,2
25,73,2,13,2
28,40,6,11,1
20,27,6,7,2
38,68,12,3,2
17,46,12,1,2
27,75,1,3,2
18,36,2,6,2
24,71,1,6,2
29,48,4,6,2
40,74,9,3,2
39,71,9,8,2
29,26,4,3,2
17,60,4,3,2
31,63,6,3,2
32,73,10,14,2
38,21,1,13,2
20,36,4,1,2
29,77,7,3,2
26,62,12,13,1
15,54,3,14,2
20,63,11,2,2
18,34,5,8,2
21,72,9,12,2
18,27,8,9,0
30,69,11,1,2
38,51,10,10,2
24,38,1,13,2
33,51,10,11,1
31,55,5,7,2
28,52,6,12,1
18,35,5,14,2
22,29,6,2,2
20,68,5,1,2
38,59,1,4,2
19,31,8,10,1
40,54,12,2,2
28,22,5,5,2
15,43,3,4,2
36,46,9,3,2
36,41,4,3,2
19,20,9,8,0
20,72,2,4,2
27,68,10,10,1
31,59,2,12,2
32,60,10,2,2
21,79,1,12,2
22,51,1,8,2
16,57,7,5,2
29,51,7,2,2
29,27,3,9,2
37,35,11,12,2
31,51,7,8,2
40,74,12,5,2
35,68,6,14,2
34,34,3,1,2
37,61,6,3,2
35,36,3,14,2
18,66,11,9,2
40,74,8,2,2
39,73,11,6,2
17,49,12,1,2
28,77,9,4,2
21,28,6,1,2
17,58,10,3,2
34,24,2,11,2
22,56,6,4,2
26,71,3,5,2
39,55,1,5,2
29,77,4,1,2
20,61,4,3,2
33,28,11,12,1
20,62,10,1,2
37,68,3,4,2
39,75,10,3,2
34,35,4,4,2
26,79,10,12,2
31,24,4,5,2
32,21,11,2,2
28,73,1,12,2
33,24,11,8,2
21,35,3,10,2
18,30,2,10,2
31,71,12,10,2
26,44,2,11,2
24,68,12,4,2
24,29,1,11,2
31,75,3,9,2
35,34,5,9,2
39,45,9,3,2
32,61,3,7,2
27,34,9,13,1
16,44,10,14,1
16,36,1,12,2
18,55,3,10,2
22,70,1,1,2
35,58,6,12,2
30,57,2,12,2
34,23,7,14,1
38,74,2,14,2
21,28,7,1,2
16,43,1,4,2
22,72,3,10,2
28,27,12,5,2
28,61,3,12,2
21,64,11,1,2
19,31,12,10,1
15,74,4,5,2
28,74,8,6,2
19,54,9,10,1
17,52,9,10,1
15,57,3,13,2
34,37,6,3,2
17,20,2,6,2
18,58,8,12,1
31,68,7,13,1
33,32,9,10,1
38,55,7,2,2
29,47,5,11,2
23,28,12,5,2
16,58,11,7,2
24,49,8,7,2
27,70,8,13,2
26,49,12,2,2
33,69,9,8,2
28,66,7,2,2
22,25,11,14,1
34,29,10,13,1
20,37,3,8,2
31,73,1,9,2
35,42,6,7,2
23,31,3,14,2
29,34,4,5,2
39,53,7,10,2
22,41,7,9,2
15,72,6,10,2
37,65,6,6,2
37,76,7,14,2
39,50,2,3,2
21,51,1,2,2
30,40,9,13,1
30,46,12,9,2
17,71,4,9,2
32,71,3,6,2
25,43,9,13,1
29,43,6,9,2
31,60,9,3,2
30,72,8,13,2
31,24,3,13,2
33,72,1,9,2
20,59,4,10,2
38,38,1,8,2
20,52,5,10,2
17,31,4,1,2
36,28,9,14,2
35,39,9,11,2
40,44,4,9,2
15,76,6,11,2
23,21,11,6,2
20,20,9,6,2
28,69,6,4,2
22,54,5,11,2
17,26,1,1,2
31,23,3,12,2
33,66,8,7,2
30,51,7,11,1
33,52,6,2,2
16,39,6,14,1
26,70,5,14,2
24,52,2,6,2
38,37,10,13,2
23,59,2,13,2
28,29,1,6,2
29,45,12,1,2
19,49,2,13,2
26,37,8,3,2
22,50,3,4,2
16,77,12,2,2
17,35,5,9,2
37,50,3,8,2
23,33,6,1,2
27,26,8,7,2
21,53,6,7,2
18,79,3,8,2
24,56,10,4,2
22,53,7,7,2
31,68,3,3,2
33,56,4,10,2
19,58,11,2,2
37,40,7,4,2
33,47,8,11,1
15,75,5,10,2
15,50,9,7,2
25,60,4,12,2
22,54,8,7,2
35,47,9,9,2
39,37,3,9,2
19,76,3,5,2
31,36,4,5,2
34,53,8,10,1
27,50,9,1,2
26,54,6,14,1
30,56,5,7,2
21,65,3,12,2
24,42,10,3,2
25,66,9,7,2
29,61,8,11,1
23,68,10,6,2
37,30,7,5,2
21,42,8,4,2
21,39,4,2,2
37,33,9,5,2
34,35,12,6,2
35,78,5,8,2
37,67,11,14,2
30,39,6,4,2
35,43,1,10,2
29,68,4,10,2
22,20,3,8,2
29,74,1,9,2
17,45,9,2,2
36,50,3,6,2
30,80,10,14,2
33,68,10,7,2
18,28,7,6,2
36,50,8,9,2
29,57,12,11,1
29,28,12,2,2
37,22,3,13,2
25,26,10,9,0
38,58,1,13,2
28,63,4,1,2
22,57,3,5,2
28,59,2,11,2
35,27,1,1,2
15,55,5,2,2
29,21,10,3,2
19,35,8,4,2
32,37,1,2,2
27,79,8,10,2
40,36,4,6,2
29,27,8,9,2
28,60,2,5,2
40,64,3,7,2
24,73,8,6,2
15,37,2,4,2
16,65,7,2,2
28,51,1,5,2
32,36,9,6,2
15,34,2,10,2
33,69,2,3,2
40,50,4,6,2
40,28,6,1,2
16,49,11,5,2
36,55,11,9,2
17,68,2,5,2
24,47,8,6,2
21,49,1,11,2
29,55,12,6,2
34,23,4,11,2
23,28,8,2,2
20,74,9,13,2
26,26,10,7,2
22,54,9,9,2
35,60,8,4,2
18,72,12,10,2
38,22,10,4,2
28,78,6,3,2
16,28,10,11,1
36,39,7,10,2
18,66,9,6,2
18,28,1,2,2
23,40,6,11,1
16,69,2,3,2
21,30,12,12,1
33,71,11,4,2
29,72,2,3,2
18,63,2,5,2
24,31,5,1,2
38,35,8,1,2
35,20,1,12,2
29,57,10,11,1
23,35,12,7,2
15,49,10,9,0
27,71,5,1,2
28,32,7,1,2
29,77,2,12,2
23,31,1,7,2
33,58,5,5,2
19,52,6,4,2
31,68,10,2,2
20,68,10,8,2
22,50,2,11,2
39,25,12,11,2
33,54,3,4,2
24,71,5,13,2
29,54,5,2,2
17,78,1,6,2
36,21,10,12,2
26,38,8,10,1
31,74,4,9,2
29,57,9,6,2
15,64,10,12,1
24,80,10,13,2
36,63,11,1,2
40,72,10,2,2
32,55,10,12,1
18,79,3,8,2
29,77,5,6,2
16,47,3,14,2
19,61,5,8,2
32,42,2,1,2
25,47,5,12,2
16,51,1,10,2
34,40,10,3,2
39,24,12,10,2
34,68,10,4,2
35,59,2,12,2
22,55,6,1,2
28,46,6,4,2
28,77,4,7,2
20,45,10,14,1
27,42,5,7,2
23,68,4,6,2
35,60,10,6,2
33,47,3,8,2
25,60,11,11,1
32,69,10,9,2
22,56,12,9,2
15,68,2,9,2
23,69,8,14,1
17,38,1,5,2
16,27,12,14,1
17,65,12,3,2
15,56,9,2,2
36,37,9,8,2
36,38,10,9,2
19,24,5,14,2
34,65,1,13,2
39,68,11,6,2
26,30,5,6,2
26,57,1,14,2
22,63,3,5,2
17,26,9,12,1
29,27,9,11,1
21,25,6,6,2
20,58,6,12,1
29,70,7,11,2
32,71,10,11,2
18,56,3,4,2
27,58,12,5,2
31,40,7,14,1
19,44,9,6,2
18,72,8,7,2
24,71,10,1,2
39,80,2,9,2
33,43,3,1,2
35,29,10,2,2
27,62,6,13,1
39,67,12,13,2
37,62,6,3,2
20,70,6,8,2
33,45,12,1,2
36,47,4,13,2
33,74,8,1,2
20,57,8,14,1
18,66,1,9,2
32,40,12,4,2
16,70,7,14,2
37,78,8,9,2
40,79,6,3,2
29,38,9,4,2
28,74,2,2,2
28,24,1,11,2
18,65,2,5,2
32,68,1,11,2
23,61,5,1,2
38,72,5,5,2
21,33,1,12,2
26,46,8,9,0
15,58,4,12,2
37,52,9,9,2
19,27,9,8,0
22,62,3,7,2
38,57,6,5,2
25,23,1,14,2
29,57,11,9,2
39,24,11,14,2
28,47,10,14,1
37,31,11,5,2
17,74,6,12,2
40,55,2,5,2
18,47,1,1,2
17,79,2,2,2
19,78,11,6,2
27,47,7,12,1
20,34,12,8,0
28,43,12,9,0
31,28,2,11,2
19,32,4,5,2
26,35,3,14,2
27,53,1,7,2
18,68,2,1,2
33,36,3,2,2
32,27,10,9,2
25,40,6,14,1
32,73,8,8,2
37,28,12,6,2
30,55,3,8,2
30,64,12,3,2
15,29,2,4,2
34,75,3,3,2
35,60,7,14,2
39,27,4,8,2
34,69,10,11,1
20,69,4,6,2
29,46,5,2,2
34,46,10,12,1
26,63,11,9,2
23,27,1,7,2
35,50,1,3,2
36,23,7,5,2
20,21,4,14,2
23,55,10,12,1
23,52,8,11,1
24,52,8,3,2
30,53,10,3,2
33,34,11,10,1
19,20,9,2,2
39,68,6,4,2
39,26,10,9,2
32,63,11,9,2
25,37,3,8,2
23,63,7,7,2
26,47,2,12,2
26,47,11,6,2
26,60,4,13,2
26,64,1,6,2
37,54,1,5,2
23,47,1,10,2
22,23,11,1,2
39,76,7,2,2
37,56,2,10,2
23,60,9,3,2
39,78,5,13,2
34,45,12,12,1
33,72,1,2,2
30,61,9,11,1
40,49,6,14,2
39,44,11,5,2
34,26,12,11,1
25,44,8,11,1
15,52,6,4,2
36,76,7,14,2
29,61,6,14,1
29,32,10,2,2
16,53,11,13,1
35,75,2,13,2
38,29,7,3,2
15,33,12,6,2
37,76,3,10,2
20,71,4,2,2
16,53,1,11,2
18,34,12,4,2
21,27,4,8,2
32,79,9,12,2
37,28,1,7,2
27,71,12,4,2
28,34,2,8,2
38,68,6,12,2
37,26,10,14,2
30,34,7,5,2
36,68,6,3,2
37,66,5,7,2
23,30,2,8,2
36,34,12,4,2
27,58,12,12,1
36,26,3,6,2
17,59,4,8,2
36,24,5,10,2
36,38,8,4,2
36,54,5,4,2
35,25,12,11,2
20,51,12,4,2
38,40,1,14,2
19,41,12,13,1
38,49,3,4,2
17,67,6,2,2
26,26,10,7,2
18,37,7,12,1
16,71,7,10,2
19,51,4,4,2
32,71,2,14,2
17,22,10,4,2
33,66,3,4,2
37,67,6,10,2
15,55,9,5,2
29,72,6,3,2
29,52,9,11,1
27,39,1,13,2
16,35,7,13,1
30,28,11,7,2
32,34,3,3,2
28,47,7,3,2
32,64,2,8,2
27,41,7,14,1
18,36,4,7,2
35,26,11,4,2
25,47,1,6,2
22,43,5,7,2
17,55,4,12,2
17,42,10,4,2
26,60,6,6,2
26,79,3,8,2
29,53,7,6,2
36,80,8,8,2
37,61,12,11,2
39,44,9,13,2
15,46,6,10,1
32,38,9,12,1
34,31,7,6,2
38,67,2,13,2
34,60,1,8,2
19,59,9,3,2
15,80,1,7,2
31,64,7,8,2
25,65,1,2,2
28,24,6,6,2
31,57,6,2,2
36,38,10,9,2
29,45,12,13,1
19,67,7,7,2
33,29,5,5,2
17,61,7,9,2
25,31,1,6,2
20,78,9,10,2
36,67,2,2,2
26,53,11,2,2
22,27,11,1,2
28,79,4,3,2
33,35,1,14,2
31,47,11,9,2
26,68,10,7,2
21,44,6,8,2
34,50,5,2,2
35,22,12,9,2
16,44,4,7,2
27,74,7,4,2
21,45,7,10,1
25,63,1,13,2
22,76,4,8,2
31,58,11,1,2
29,25,4,10,2
17,72,8,11,2
24,80,9,1,2
20,26,12,7,2
32,62,7,11,1
33,36,2,7,2
35,30,3,2,2
19,61,9,2,2
34,52,4,9,2
32,26,8,14,1
19,53,11,8,2
21,51,8,9,2
18,56,6,11,1
37,32,4,3,2
38,44,5,9,2
18,55,4,5,2
16,73,10,3,2
23,48,5,5,2
37,27,4,11,2
37,78,8,13,2
40,60,7,11,2
19,23,4,7,2
18,20,11,10,1
21,65,12,8,2
33,22,3,9,2
35,21,8,2,2
39,72,7,8,2
37,61,5,1,2
36,74,6,5,2
22,58,10,6,2
40,23,10,2,2
17,56,9,1,2
30,22,11,1,2
21,34,8,7,2
27,64,12,7,2
33,35,6,5,2
15,24,6,1,2
31,22,4,3,2
25,39,3,11,2
20,78,4,12,2
28,72,10,14,2
32,51,4,3,2
28,36,9,4,2
31,29,2,1,2
31,28,2,2,2
32,79,6,10,2
22,79,11,14,2
25,50,9,5,2
16,57,10,11,1
34,44,5,14,2
22,44,3,6,2
35,61,10,9,2
40,62,3,11,2
38,68,3,5,2
37,27,11,9,2
24,71,2,11,2
25,24,6,5,2
30,30,6,1,2
23,77,9,2,2
16,73,9,9,2
17,79,3,8,2
28,32,3,7,2
29,48,1,7,2
25,60,7,12,1
32,78,8,10,2
35,23,7,9,2
31,64,10,9,2
24,77,6,11,2
39,55,1,6,2
32,36,10,11,1
38,48,5,5,2
39,41,5,10,2
23,74,4,3,2
20,20,4,1,2
30,66,1,10,2
40,35,12,11,2
19,43,3,9,2
38,50,11,9,2
17,31,7,10,1
17,35,10,5,2
30,76,1,10,2
15,29,4,8,2
39,23,7,14,2
38,51,4,9,2
22,57,12,6,2
35,77,12,6,2
30,77,4,7,2
17,66,1,1,2
34,74,11,3,2
35,80,7,10,2
19,22,9,5,2
34,42,8,3,2
26,77,11,14,2
15,66,7,10,1
26,44,4,5,2
31,21,10,14,1
30,68,3,10,2
17,77,2,2,2
22,42,2,8,2
23,45,6,5,2
27,29,2,6,2
17,26,3,11,2
32,58,7,4,2
37,63,5,7,2
26,30,8,7,2
40,43,6,10,2
35,47,8,6,2
28,34,10,8,0
32,45,6,11,1
19,22,4,11,2
30,37,8,11,1
40,75,12,2,2
29,53,12,7,2
29,33,2,14,2
26,24,1,8,2
36,78,4,2,2
36,44,5,4,2
25,37,12,12,1
38,37,11,7,2
36,30,10,11,2
39,50,10,3,2
24,31,4,11,2
19,60,1,4,2
39,42,8,13,2
33,68,1,14,2
27,34,5,10,2
25,79,6,14,2
26,25,2,2,2
18,64,12,2,2
29,52,12,1,2
22,58,9,11,1
40,26,2,1,2
27,30,7,2,2
26,39,9,2,2
38,29,9,6,2
27,30,1,6,2
33,60,7,9,2
39,21,7,7,2
35,65,5,3,2
36,73,3,3,2
34,53,5,7,2
22,55,11,2,2
40,44,12,9,2
38,51,5,6,2
40,31,8,13,2
28,32,10,8,0
25,32,12,10,1
38,22,9,5,2
16,74,2,14,2
15,20,10,11,1
34,24,6,2,2
21,34,10,11,1
17,24,6,7,2
30,29,3,9,2
31,37,2,10,2
24,63,5,6,2
39,57,5,6,2
19,48,6,14,1
19,72,1,6,2
22,68,2,7,2
35,59,11,13,2
34,23,2,3,2
37,21,5,11,2
36,49,1,13,2
27,26,1,13,2
15,29,5,7,2
26,29,10,14,1
31,75,12,4,2
35,72,11,13,2
33,26,10,6,2
26,54,1,13,2
24,75,10,10,2
29,48,11,6,2
40,74,10,7,2
35,68,12,10,2
25,69,8,2,2
22,71,12,8,2
38,44,12,12,2
18,41,12,10,1
39,67,4,2,2
40,27,11,4,2
36,73,12,5,2
28,80,11,9,2
39,74,2,1,2
16,72,4,3,2
17,55,4,13,2
39,56,4,7,2
36,75,2,14,2
36,60,7,7,2
21,74,2,6,2
29,29,7,2,2
25,62,8,10,1
25,57,6,12,1
34,20,10,11,1
38,23,10,2,2
30,70,10,9,2
17,21,8,11,1
40,74,3,11,2
22,48,12,14,1
35,56,5,5,2
40,67,1,2,2
40,48,2,8,2
23,57,9,1,2
19,64,9,13,1
40,74,2,5,2
22,60,12,3,2
25,22,5,8,2
32,80,11,12,2
17,80,5,2,2
33,20,11,9,2
36,27,12,12,2
17,73,11,3,2
18,25,2,4,2
34,23,6,7,2
19,56,6,7,2
15,23,12,3,2
37,74,9,12,2
29,73,1,1,2
34,75,5,8,2
35,35,6,12,2
22,44,9,1,2
23,21,8,13,1
20,42,7,12,1
36,30,1,6,2
38,53,7,2,2
21,36,2,14,2
18,57,12,9,2
39,53,12,7,2
29,34,3,11,2
22,20,5,4,2
16,50,6,2,2
30,64,9,13,1
28,36,5,6,2
34,54,6,7,2
18,57,12,13,1
27,46,5,13,2
31,26,12,1,2
28,34,8,8,0
38,37,10,9,2
21,76,12,13,2
40,80,1,8,2
23,33,5,6,2
18,28,1,13,2
16,55,2,8,2
27,79,9,14,2
36,62,10,7,2
33,27,6,7,2
35,67,9,9,2
39,49,6,4,2
17,22,9,1,2
15,61,11,4,2
25,47,6,10,1
32,38,1,1,2
36,49,12,3,2
32,38,2,12,2
15,50,3,1,2
29,45,11,9,2
21,73,1,4,2
36,26,9,10,2
18,22,11,14,1
31,36,2,13,2
39,64,10,3,2
35,76,3,11,2
21,42,10,4,2
30,38,3,10,2
31,29,9,9,2
17,32,12,5,2
28,78,1,7,2
38,43,11,9,2
35,44,4,12,2
25,27,6,14,1
20,44,6,10,1
17,30,8,7,2
35,80,6,9,2
38,70,2,12,2
16,23,12,9,0
17,40,3,8,2
17,33,4,12,2
16,73,12,13,2
16,25,5,8,2
16,51,10,4,2
23,49,11,6,2
20,68,4,6,2
19,79,12,3,2
35,55,9,10,2
39,64,5,6,2
34,74,11,8,2
31,66,12,12,1
37,64,5,5,2
26,46,6,9,2
37,70,11,1,2
38,80,6,10,2
33,21,11,7,2
25,47,8,3,2
19,62,9,9,2
26,66,8,4,2
31,40,3,12,2
31,26,8,11,1
38,31,2,14,2
26,63,1,2,2
32,37,5,3,2
27,44,11,7,2
24,24,8,2,2
28,31,7,12,1
24,42,2,10,2
23,45,9,10,1
20,67,10,4,2
15,57,6,2,2
28,77,11,12,2
15,63,3,2,2
28,51,1,9,2
32,29,11,5,2
33,38,7,2,2
23,60,4,6,2
29,73,3,2,2
21,50,3,3,2
36,66,10,12,2
19,32,5,12,2
16,70,5,12,2
15,62,8,13,1
40,56,12,9,2
31,41,11,12,1
23,78,9,6,2
28,71,11,5,2
25,50,12,3,2
37,41,3,2,2
27,69,7,1,2
33,50,6,8,2
37,69,8,2,2
32,43,12,9,2
24,48,11,13,1
23,65,10,2,2
29,56,10,5,2
29,71,11,4,2
23,38,4,10,2
37,41,2,9,2
20,68,4,13,2
22,44,10,12,1
17,77,9,4,2
23,59,7,4,2
16,69,8,1,2
35,27,8,3,2
23,72,2,13,2
34,75,7,10,2
27,50,11,8,2
27,49,7,13,1
25,24,10,5,2
24,21,12,2,2
22,31,1,6,2
38,40,2,8,2
35,57,4,1,2
34,31,8,4,2
32,39,4,5,2
15,64,4,11,2
27,72,8,1,2
35,31,6,8,2
28,46,10,9,0
31,27,12,12,1
29,57,10,4,2
19,31,5,9,2
32,74,6,9,2
37,38,7,10,2
40,33,12,7,2
28,26,8,8,0
34,73,10,2,2
32,35,12,11,1
35,24,1,11,2
23,26,6,1,2
18,39,2,5,2
27,27,11,1,2
27,22,12,13,1
30,59,2,6,2
40,46,10,7,2
32,39,6,4,2
20,20,11,5,2
37,32,9,8,2
19,35,5,9,2
19,69,8,2,2
31,22,4,12,2
27,68,12,14,1
34,21,7,1,2
31,39,1,5,2
15,68,12,10,1
32,46,1,10,2
35,58,10,4,2
24,43,11,10,1
19,20,2,2,2
24,41,7,1,2
17,63,6,13,1
32,29,6,11,1
35,71,11,14,2
21,47,10,8,0
33,75,8,3,2
33,41,11,12,1
24,78,1,2,2
33,49,8,4,2
38,41,3,10,2
22,32,10,1,2
33,32,7,9,2
26,71,11,3,2
21,55,7,10,1
25,64,1,9,2
38,38,5,7,2
17,50,3,13,2
18,33,12,14,1
34,27,3,13,2
38,35,7,14,2
39,35,3,14,2
17,43,9,14,1
18,37,12,13,1
18,74,6,2,2
37,27,2,5,2
22,65,6,6,2
15,26,2,10,2
32,20,2,9,2
38,80,7,13,2
35,46,4,2,2
31,64,9,10,1
23,60,11,2,2
31,26,11,3,2
24,31,7,10,1
25,41,3,5,2
18,80,7,7,2
17,29,11,12,1
20,43,3,14,2
36,59,5,14,2
33,49,6,13,1
17,39,8,5,2
39,28,7,13,2
35,33,2,14,2
39,35,4,3,2
38,30,8,8,2
22,32,3,14,2
31,61,11,1,2
27,52,9,10,1
32,39,5,6,2
28,38,3,2,2
39,73,7,10,2
37,21,6,5,2
18,26,12,5,2
34,79,4,4,2
36,47,3,8,2
40,78,3,3,2
31,47,6,2,2
21,59,5,12,2
36,49,7,9,2
40,31,1,3,2
18,46,1,14,2
38,30,9,3,2
29,46,3,11,2
33,24,11,1,2
15,59,4,14,2
25,80,4,13,2
19,64,7,3,2
40,45,9,13,2
39,68,7,14,2
39,47,3,1,2
31,59,11,13,1
35,64,3,6,2
29,58,2,3,2
34,71,3,13,2
35,78,11,12,2
30,69,7,3,2
28,28,4,9,2
19,28,8,6,2
21,73,9,10,2
36,43,11,13,2
15,79,5,10,2
21,22,1,8,2
18,31,1,9,2
31,38,8,10,1
18,64,7,14,1
15,62,4,12,2
25,72,5,13,2
30,23,12,10,1
18,30,5,3,2
24,77,8,7,2
27,24,2,10,2
23,53,1,13,2
35,44,6,1,2
17,63,5,5,2
30,74,11,13,2
20,58,10,3,2
32,45,4,14,2
22,29,12,11,1
31,50,2,3,2
30,69,9,14,1
24,21,7,3,2
36,47,8,1,2
16,23,1,4,2
30,61,10,4,2
35,46,7,13,2
18,53,6,1,2
35,75,11,14,2
34,32,3,9,2
36,52,10,12,2
34,39,7,4,2
36,72,5,11,2
27,44,4,6,2
36,47,7,12,2
33,24,3,1,2
27,71,2,1,2
38,52,11,1,2
23,60,1,12,2
40,25,2,3,2
21,23,7,9,2
23,42,11,5,2
34,25,9,1,2
30,57,2,13,2
28,26,10,14,1
22,20,11,13,1
20,39,1,12,2
24,40,1,12,2
22,77,7,11,2
37,79,11,12,2
21,34,7,4,2
19,20,6,10,1
40,30,6,8,2
21,62,3,3,2
29,63,7,6,2
28,39,1,3,2
26,37,1,5,2
39,24,2,11,2
16,67,2,9,2
18,58,11,4,2
36,58,8,6,2
21,22,7,12,1
27,21,10,6,2
35,33,7,5,2
25,73,6,14,2
26,65,2,3,2
16,30,4,3,2
34,71,10,6,2
18,32,9,11,1
32,30,5,6,2
34,71,1,5,2
21,34,11,1,2
20,35,5,3,2
21,25,11,3,2
18,51,6,6,2
39,66,11,10,2
39,59,1,5,2
25,70,4,9,2
26,77,8,8,2
29,75,12,7,2
31,45,12,14,1
33,56,2,9,2
20,22,11,1,2
17,23,9,8,0
39,36,9,5,2
29,74,8,13,2
35,66,10,8,2
25,78,8,11,2
36,35,7,9,2
19,37,2,1,2
35,40,6,6,2
37,57,8,11,2
30,70,10,9,2
19,37,8,8,0
35,49,6,14,2
15,47,4,4,2
27,69,8,13,1
25,79,1,11,2
21,74,4,9,2
19,55,9,5,2
16,51,10,11,1
22,67,6,7,2
18,63,9,10,1
23,43,5,8,2
26,49,6,8,2
39,75,10,8,2
39,48,12,13,2
38,42,2,14,2
35,21,5,8,2
30,49,2,6,2
32,68,12,6,2
22,62,7,8,2
25,56,2,4,2
19,46,9,5,2
33,40,2,10,2
23,74,9,10,2
29,55,1,2,2
24,54,11,12,1
32,36,1,8,2
29,67,1,9,2
20,58,7,2,2
27,69,7,9,2
36,61,11,12,2
32,28,11,6,2
22,25,3,3,2
32,40,3,13,2
15,59,3,7,2
29,64,5,14,2
24,61,11,3,2
27,28,12,3,2
29,73,10,6,2
35,80,9,8,2
22,75,11,3,2
39,42,2,13,2
33,72,7,6,2
31,25,6,12,1
22,52,8,12,1
30,57,10,13,1
36,48,4,13,2
17,46,8,9,0
40,51,3,12,2
26,78,10,6,2
22,37,12,1,2
33,44,10,11,1
23,46,1,2,2
26,32,10,13,1
28,49,2,3,2
37,41,1,3,2
21,45,11,7,2
29,68,3,8,2
19,24,5,3,2
37,34,4,12,2
36,65,5,9,2
16,44,3,3,2
35,52,5,12,2
16,27,12,14,1
31,47,3,10,2
26,64,3,12,2
24,72,5,5,2
19,35,12,3,2
27,78,8,14,2
32,75,10,1,2
36,47,8,12,2
26,38,5,2,2
40,55,6,10,2
23,53,8,8,2
27,33,4,9,2
25,46,1,7,2
29,73,6,10,2
25,32,8,2,2
36,55,11,8,2
18,79,2,2,2
31,75,5,5,2
37,65,10,14,2
27,64,2,7,2
32,67,11,1,2
22,33,1,11,2
28,21,1,13,2
39,52,12,13,2
36,25,3,11,2
39,28,9,4,2
25,24,8,4,2
35,38,8,3,2
24,67,10,1,2
18,25,11,3,2
33,46,7,5,2
18,75,4,11,2
32,72,8,13,2
17,60,3,7,2
20,65,10,11,1
40,71,1,7,2
17,75,7,4,2
19,48,9,8,0
21,78,9,11,2
28,41,4,6,2
29,59,7,3,2
23,26,4,10,2
39,45,10,1,2
39,70,9,9,2
34,39,5,5,2
34,53,3,3,2
28,77,7,11,2
20,79,11,11,2
33,54,6,4,2
27,41,12,1,2
36,62,11,13,2
18,39,4,12,2
15,24,2,13,2
39,68,3,14,2
39,52,12,9,2
33,57,3,9,2
23,40,9,3,2
32,71,2,11,2
17,78,7,4,2
23,55,10,3,2
16,72,6,2,2
40,39,5,1,2
28,71,9,11,2
20,42,5,10,2
25,66,8,13,1
24,76,10,10,2
35,67,9,2,2
17,34,8,6,2
28,52,11,6,2
22,43,6,4,2
39,41,4,3,2
22,68,1,3,2
17,68,9,6,2
24,26,9,9,0
15,25,1,3,2
26,57,5,11,2
18,56,1,9,2
30,67,10,2,2
19,28,1,5,2
26,65,4,8,2
20,61,12,4,2
38,67,9,3,2
33,64,7,11,1
17,25,6,9,2
38,52,4,8,2
37,35,11,13,2
19,71,6,4,2
37,25,4,4,2
40,73,7,3,2
38,59,3,2,2
32,71,12,13,2
35,74,1,3,2
25,41,9,2,2
29,27,7,2,2
25,61,11,2,2
18,49,1,7,2
35,63,2,4,2
35,27,2,10,2
29,60,12,13,1
33,28,5,10,2
31,59,12,3,2
30,42,7,14,1
30,79,1,12,2
31,59,8,9,2
24,28,5,9,2
23,74,2,2,2
16,59,1,4,2
22,66,11,14,1
17,61,4,5,2
24,24,2,8,2
29,78,12,2,2
19,38,8,14,1
29,64,4,6,2
34,76,10,13,2
15,68,6,7,2
32,66,1,10,2
18,27,10,7,2
15,26,6,10,1
20,49,12,7,2
21,55,11,10,1
32,68,7,14,1
36,62,3,3,2
38,47,6,1,2
37,43,3,4,2
19,76,2,5,2
27,33,11,12,1
32,50,7,1,2
17,50,6,13,1
36,61,4,5,2
18,39,7,14,1
39,65,8,3,2
15,50,3,1,2
21,43,6,11,1
35,21,5,9,2
27,74,12,7,2
21,32,9,3,2
22,24,4,6,2
19,38,12,6,2
18,33,11,13,1
15,44,10,9,0
20,43,11,2,2
40,37,12,8,2
28,36,3,3,2
26,22,11,11,1
40,21,10,10,2
38,63,6,4,2
16,64,2,9,2
20,28,1,7,2
35,61,2,2,2
30,74,9,10,2
29,42,8,11,1
39,68,12,2,2
38,64,1,4,2
36,80,4,10,2
38,78,11,7,2
29,41,4,4,2
21,22,10,5,2
24,62,7,9,2
29,31,11,4,2
28,70,3,9,2
16,29,3,5,2
35,31,9,14,2
29,27,10,3,2
26,53,7,7,2
40,24,9,5,2
21,26,11,5,2
40,63,2,7,2
37,78,12,12,2
18,34,7,1,2
17,73,6,14,2
38,23,10,13,2
20,30,2,2,2
24,47,1,14,2
28,35,8,1,2
23,37,9,3,2
15,42,10,14,1
20,51,11,11,1
25,36,10,1,2
40,26,7,6,2
27,45,1,2,2
35,31,10,13,2
25,80,9,7,2
31,40,2,11,2
24,66,12,9,2
28,80,9,10,2
36,68,9,11,2
30,48,7,12,1
16,56,8,11,1
21,31,2,13,2
17,79,3,3,2
33,65,4,1,2
24,36,3,11,2
17,75,9,6,2
18,70,3,1,2
20,34,8,8,0
40,68,5,11,2
18,30,4,11,2
24,72,1,14,2
25,73,4,13,2
36,24,3,12,2
28,43,3,7,2
16,36,1,13,2
23,50,1,3,2
17,51,5,7,2
24,51,2,11,2
31,31,4,14,2
19,52,1,4,2
37,70,5,7,2
39,68,12,7,2
31,79,10,14,2
17,24,6,14,1
22,71,9,13,2
32,65,12,11,1
32,66,6,1,2
36,69,3,13,2
31,63,1,14,2
30,58,1,13,2
33,22,7,11,1
22,34,7,8,2
21,28,4,14,2
23,77,3,1,2
19,39,2,10,2
27,73,6,2,2
17,30,11,4,2
15,31,10,2,2
27,72,8,14,2
36,35,5,8,2
25,36,1,10,2
36,67,3,14,2
31,65,8,1,2
28,40,5,11,2
17,52,11,8,2
37,55,11,3,2
24,79,5,11,2
22,33,7,1,2
36,72,9,4,2
36,60,1,13,2
36,75,5,7,2
26,65,1,2,2
40,33,11,3,2
22,67,11,11,1
40,42,9,10,2
23,72,10,3,2
22,78,11,7,2
15,63,8,2,2
17,61,4,4,2
17,41,3,5,2
23,45,12,12,1
16,28,3,5,2
29,34,11,4,2
33,22,9,11,1
29,74,9,7,2
37,37,2,13,2
36,44,11,11,2
29,66,12,5,2
35,24,2,6,2
15,56,12,12,1
25,76,2,2,2
33,56,4,11,2
26,59,10,5,2
30,69,11,14,1
30,79,7,14,2
31,69,11,6,2
35,57,5,3,2
27,23,7,11,1
24,80,6,4,2
30,33,2,13,2
16,75,1,11,2
22,27,5,11,2
24,76,4,9,2
31,69,4,13,2
29,63,3,3,2
15,30,9,13,1
37,70,6,2,2
29,73,5,1,2
34,55,3,4,2
20,62,11,14,1
30,49,2,14,2
16,26,7,5,2
23,41,4,8,2
33,51,3,1,2
27,25,11,9,0
27,68,4,8,2
26,27,6,6,2
23,57,11,2,2
36,22,11,11,2
39,59,3,5,2
16,36,7,9,2
31,49,5,14,2
18,76,7,3,2
20,43,4,8,2
25,52,11,2,2
30,74,3,13,2
28,55,8,8,2
30,29,10,11,1
37,66,11,5,2
40,35,7,5,2
38,54,8,12,2
24,25,2,3,2
39,45,2,10,2
22,59,4,13,2
18,41,9,12,1
31,74,9,13,2
30,20,2,13,2
24,53,1,4,2
20,47,3,3,2
22,75,10,7,2
39,38,3,5,2
24,48,4,2,2
16,54,8,4,2
18,72,10,4,2
28,36,1,7,2
20,27,8,11,1
24,25,12,9,0
26,34,5,1,2
18,24,6,14,1
28,57,3,3,2
31,33,4,12,2
31,76,5,8,2
16,44,10,8,0
18,56,1,3,2
26,43,8,6,2
17,31,3,6,2
17,53,12,12,1
23,58,5,12,2
38,70,11,11,2
39,76,6,2,2
27,21,10,14,1
23,59,1,13,2
31,80,6,6,2
20,34,11,4,2
40,64,9,2,2
15,41,10,5,2
36,58,8,7,2
34,40,4,12,2
28,77,8,9,2
19,74,3,10,2
15,55,8,6,2
36,40,3,1,2
35,20,5,2,2
24,63,1,8,2
31,48,6,3,2
33,44,6,9,2
28,51,8,13,1
33,70,8,6,2
28,35,1,11,2
20,22,6,1,2
36,39,11,11,2
35,32,9,5,2
15,26,2,10,2
15,75,4,6,2
40,47,8,14,2
36,68,2,2,2
28,72,1,7,2
32,66,5,8,2
22,74,5,6,2
31,41,4,8,2
31,43,12,10,1
31,28,9,11,1
19,30,3,13,2
18,39,4,6,2
37,74,11,10,2
20,28,8,6,2
36,69,12,1,2
38,40,9,6,2
20,40,4,2,2
15,37,11,5,2
15,76,7,5,2
33,44,1,11,2
33,63,8,7,2
20,76,7,1,2
30,25,4,6,2
36,30,11,8,2
17,37,11,6,2
34,34,5,6,2
34,31,8,10,1
15,43,8,14,1
27,24,3,1,2
35,47,2,3,2
23,35,3,1,2
26,68,7,7,2
23,80,10,5,2
39,60,12,11,2
27,20,9,3,2
23,54,2,9,2
16,27,2,11,2
31,42,9,9,2
18,73,5,6,2
29,66,6,4,2
21,51,2,2,2
29,68,8,13,1
40,20,6,7,2
28,48,1,4,2
29,60,8,6,2
39,23,7,10,2
26,45,10,12,1
21,68,6,1,2
39,73,3,13,2
31,31,6,10,1
23,51,4,3,2
26,39,7,3,2
21,71,9,6,2
20,38,10,1,2
35,57,8,1,2
22,41,12,9,0
31,44,12,8,2
32,51,6,5,2
37,42,12,2,2
23,21,10,2,2
21,59,11,1,2
15,67,4,7,2
23,24,4,13,2
16,35,11,6,2
39,43,10,9,2
22,78,10,7,2
16,35,10,3,2
25,52,12,8,2
39,29,12,1,2
33,21,4,2,2
33,58,1,1,2
15,76,8,11,2
39,41,8,3,2
33,44,8,10,1
29,75,8,14,2
19,70,4,14,2
23,38,5,6,2
32,21,8,8,2
38,50,11,4,2
31,28,6,5,2
18,78,11,14,2
22,48,2,13,2
38,36,1,2,2
20,32,2,11,2
39,44,12,4,2
28,66,5,12,2
37,56,2,6,2
26,31,11,4,2
16,68,10,11,1
20,25,11,12,1
15,49,7,13,1
34,33,8,5,2
32,58,1,9,2
34,36,3,2,2
18,42,3,10,2
21,73,10,3,2
23,24,1,10,2
23,77,10,10,2
16,33,3,5,2
20,27,4,11,2
27,72,4,7,2
28,30,9,1,2
21,27,3,2,2
27,57,8,7,2
29,74,10,14,2
21,79,10,11,2
33,78,3,8,2
24,54,4,6,2
26,42,5,8,2
20,63,10,9,2
16,43,12,7,2
29,37,12,14,1
21,38,4,2,2
22,73,5,1,2
23,70,12,14,2
16,27,11,6,2
27,20,8,8,0
37,67,10,5,2
33,65,11,1,2
40,28,10,12,2
36,48,12,6,2
37,32,3,14,2
30,35,3,14,2
36,39,11,1,2
29,67,11,8,2
39,78,6,12,2
32,41,4,7,2
37,33,11,3,2
24,74,1,14,2
16,54,11,4,2
25,47,9,2,2
29,44,4,4,2
30,78,6,1,2
15,21,10,5,2
40,67,6,6,2
24,38,4,7,2
29,44,4,7,2
37,41,9,4,2
35,30,5,1,2
35,66,7,2,2
35,49,12,11,2
21,53,3,9,2
36,61,10,9,2
24,25,8,3,2
29,36,1,4,2
16,70,4,1,2
20,48,8,14,1
18,63,9,2,2
24,44,11,3,2
28,71,10,11,2
37,20,1,13,2
24,68,7,4,2
20,54,10,3,2
26,20,5,8,2
27,74,2,14,2
27,66,4,1,2
29,61,8,1,2
39,74,11,11,2
36,47,8,3,2
26,52,3,11,2
40,65,10,1,2
22,23,12,11,1
30,31,10,14,1
28,47,5,11,2
38,56,5,3,2
37,26,12,7,2
19,20,8,10,1
32,22,3,3,2
15,74,2,4,2
24,55,3,4,2
29,57,10,1,2
30,33,11,2,2
31,75,2,6,2
36,73,3,14,2
34,61,9,5,2
22,59,9,5,2
27,74,11,12,2
36,73,1,4,2
17,27,10,3,2
29,52,1,1,2
37,63,9,14,2
28,24,8,13,1
30,63,11,11,1
39,35,7,10,2
39,54,3,11,2
26,40,2,7,2
15,41,10,12,1
32,67,4,10,2
35,64,6,1,2
22,33,4,14,2
40,63,3,12,2
32,24,3,8,2
23,31,2,4,2
19,24,3,12,2
25,36,1,6,2
20,70,6,10,2
21,39,4,4,2
22,52,8,10,1
33,35,3,14,2
31,62,8,3,2
32,50,5,7,2
16,53,6,9,2
38,36,12,4,2
37,34,6,12,2
19,30,12,9,0
30,67,6,13,1
38,42,1,14,2
31,63,10,9,2
40,37,2,10,2
31,69,2,13,2
35,39,1,6,2
20,75,2,6,2
34,56,7,3,2
37,70,6,3,2
32,58,12,12,1
27,54,12,4,2
31,54,6,5,2
19,56,5,9,2
23,69,12,5,2
16,26,12,10,1
30,56,2,2,2
24,69,12,1,2
25,66,2,3,2
28,53,12,9,2
28,34,10,13,1
20,73,4,8,2
18,56,1,8,2
30,79,1,5,2
19,37,11,2,2
26,24,8,13,1
28,64,6,6,2
24,45,2,9,2
35,47,4,3,2
36,31,2,1,2
28,78,11,7,2
27,68,12,4,2
32,22,2,2,2
15,80,4,14,2
25,32,2,13,2
18,36,7,4,2
36,40,11,1,2
28,50,12,11,1
19,57,1,1,2
23,40,11,13,1
32,67,5,3,2
16,52,10,3,2
27,55,2,5,2
29,25,8,2,2
20,34,7,12,1
35,55,5,7,2
30,80,11,6,2
22,32,11,13,1
28,20,4,1,2
23,67,10,13,1
21,45,10,9,0
16,48,4,2,2
25,37,10,8,0
39,20,8,3,2
27,78,1,4,2
22,52,1,10,2
17,28,8,10,1
25,46,3,1,2
18,29,10,10,1
22,43,1,1,2
40,69,4,1,2
20,59,6,11,1
32,54,2,13,2
30,65,8,8,2
36,55,5,5,2
28,37,10,14,1
35,32,5,9,2
19,38,9,3,2
35,26,10,14,2
38,29,9,4,2
20,80,6,7,2
38,55,1,5,2
33,79,8,1,2
40,46,5,3,2
23,28,9,12,1
21,48,12,7,2
27,33,3,14,2
39,59,9,13,2
38,34,6,3,2
27,80,8,8,2
31,33,11,5,2
20,27,9,11,1
15,50,2,9,2
24,36,1,14,2
36,37,10,5,2
24,57,10,6,2
25,69,10,11,1
36,23,1,2,2
17,36,11,2,2
24,40,2,7,2
37,66,8,6,2
20,56,1,1,2
30,32,3,4,2
15,70,12,1,2
27,25,10,6,2
17,43,4,3,2
22,74,7,5,2
39,44,7,6,2
31,57,1,4,2
17,22,4,2,2
19,69,5,12,2
29,60,7,6,2
19,44,9,2,2
23,39,12,1,2
39,44,9,2,2
30,70,6,6,2
40,64,8,9,2
29,72,11,11,2
35,36,3,6,2
18,62,3,12,2
38,59,10,6,2
19,33,4,1,2
33,30,9,11,1
21,39,7,11,1
28,44,8,11,1
27,22,4,14,2
37,49,9,3,2
33,26,2,3,2
30,50,9,4,2
30,78,8,9,2
20,39,7,4,2
40,69,11,8,2
37,35,9,10,2
37,80,4,1,2
25,23,6,9,2
24,64,1,4,2
31,48,2,13,2
17,22,1,14,2
33,40,8,11,1
24,80,12,12,2
20,75,6,9,2
24,78,2,2,2
16,77,12,8,2
20,20,11,2,2
20,40,5,6,2
20,34,10,10,1
40,33,10,10,2
19,68,8,8,2
35,23,5,4,2
19,52,7,2,2
16,73,2,14,2
16,66,10,3,2
30,69,11,2,2
36,58,7,7,2
15,27,11,12,1
27,29,10,5,2
40,75,5,9,2
37,35,1,12,2
25,22,3,3,2
32,49,7,13,1
35,72,12,6,2
26,77,9,14,2
39,79,10,7,2
15,77,3,11,2
21,43,6,1,2
34,61,3,8,2
23,32,1,9,2
34,78,1,14,2
38,66,10,4,2
34,49,6,4,2
39,71,4,7,2
28,30,10,7,2
21,70,4,13,2
36,61,3,6,2
31,54,2,2,2
35,49,12,3,2
16,54,7,6,2
23,59,7,11,1
27,21,4,9,2
19,77,8,6,2
31,50,6,2,2
40,60,6,10,2
29,23,5,10,2
38,20,12,9,2
24,22,6,3,2
20,68,1,10,2
32,62,3,14,2
28,72,3,13,2
37,77,8,9,2
16,65,4,13,2
20,61,1,6,2
33,32,7,1,2
38,74,4,2,2
33,30,5,4,2
33,75,10,13,2
22,26,4,11,2
35,33,4,7,2
34,73,8,2,2
27,70,7,11,2
24,33,9,11,1
30,77,4,9,2
30,49,8,11,1
18,67,8,6,2
22,79,6,10,2
35,27,1,10,2
37,26,11,9,2
39,65,7,7,2
40,78,3,6,2
39,28,8,5,2
17,33,8,1,2
20,27,6,3,2
28,23,7,12,1
19,24,11,1,2
30,66,11,1,2
39,54,6,14,2
26,51,1,7,2
17,65,3,6,2
24,68,10,9,2
20,77,6,8,2
31,68,1,3,2
20,73,6,11,2
31,34,12,1,2
19,61,4,12,2
27,24,8,4,2
24,49,5,13,2
34,32,7,10,1
40,65,8,4,2
26,74,7,3,2
26,48,11,12,1
38,56,12,8,2
34,43,6,7,2
29,60,6,2,2
30,77,7,8,2
24,64,3,9,2
40,56,5,7,2
36,58,1,7,2
21,73,9,1,2
27,21,6,13,1
15,20,12,3,2
17,63,1,12,2
38,44,3,4,2
34,73,2,1,2
28,42,3,4,2
35,27,3,2,2
21,37,1,4,2
40,67,1,13,2
20,51,11,10,1
34,37,5,1,2
22,80,7,9,2
17,65,1,3,2
17,63,12,1,2
21,50,10,11,1
34,22,9,5,2
31,44,4,9,2
24,59,8,9,2
36,29,4,8,2
31,47,12,5,2
38,62,7,1,2
29,71,7,7,2
40,68,12,2,2
18,35,10,8,0
31,62,9,9,2
31,31,1,10,2
29,79,8,9,2
37,65,4,12,2
26,21,8,9,0
26,40,11,6,2
18,50,8,8,2
39,77,1,6,2
33,75,2,12,2
40,49,7,9,2
23,40,2,7,2
19,61,3,6,2
16,43,6,5,2
35,46,11,11,2
23,54,9,9,2
34,63,4,1,2
36,70,5,4,2
28,41,3,13,2
17,67,8,3,2
26,77,1,1,2
26,72,9,7,2
19,56,5,1,2
28,65,10,11,1
21,38,4,6,2
15,25,4,6,2
23,80,1,7,2
38,28,3,2,2
34,20,2,11,2
30,67,2,13,2
32,25,11,8,2
28,74,9,5,2
36,69,7,13,2
34,50,4,11,2
20,29,6,14,1
20,44,10,10,1
32,49,1,8,2
25,80,9,8,2
38,30,8,9,2
16,42,1,7,2
29,62,2,1,2
33,73,5,10,2
22,31,8,6,2
37,58,11,3,2
33,28,12,9,2
34,39,11,11,1
30,58,3,9,2
19,30,6,5,2
20,40,10,3,2
37,50,4,8,2
25,23,11,1,2
31,23,7,1,2
38,45,8,6,2
39,23,9,2,2
28,63,2,2,2
15,53,8,14,1
21,44,9,4,2
36,23,7,9,2
19,55,3,13,2
23,20,8,5,2
39,26,9,14,2
24,62,5,10,2
28,72,2,13,2
29,72,10,2,2
23,54,11,12,1
37,25,7,4,2
30,47,8,4,2
26,73,11,5,2
27,32,11,8,0
17,72,12,9,2
34,70,10,3,2
17,48,1,11,2
16,75,11,12,2
28,56,3,2,2
20,43,4,8,2
35,59,12,10,2
35,44,2,9,2
31,69,8,11,1
21,30,3,8,2
20,55,7,10,1
16,40,5,5,2
25,77,8,6,2
25,22,8,11,1
25,50,11,2,2
38,50,10,2,2
20,35,1,1,2
37,73,6,11,2
17,51,11,6,2
31,71,1,11,2
32,59,5,5,2
32,43,5,6,2
24,60,1,13,2
31,79,4,10,2
21,78,8,11,2
15,49,7,1,2
20,54,12,2,2
20,44,11,3,2
34,78,2,2,2
26,66,8,5,2
34,34,5,12,2
21,35,8,9,0
37,38,1,4,2
28,55,9,8,2
33,62,7,1,2
26,42,9,7,2
23,23,3,13,2
26,22,8,5,2
16,73,10,8,2
38,48,10,11,2
28,76,4,11,2
32,29,1,11,2
36,36,10,12,2
26,64,5,13,2
19,39,10,13,1
20,39,8,4,2
37,38,11,6,2
20,46,2,14,2
39,68,4,9,2
27,46,12,1,2
17,73,8,5,2
35,53,3,9,2
30,48,9,1,2
20,65,4,3,2
40,33,7,3,2
32,52,7,5,2
40,72,5,3,2
23,42,11,3,2
15,49,11,12,1
27,24,2,11,2
17,40,12,3,2
33,28,7,8,2
32,71,2,2,2
17,72,11,14,2
32,69,8,3,2
29,21,11,12,1
32,37,3,3,2
20,59,3,7,2
15,43,10,9,0
35,45,3,4,2
18,25,8,2,2
25,44,3,11,2
29,30,11,7,2
15,42,2,10,2
40,43,2,2,2
23,25,3,5,2
20,40,4,14,2
28,50,2,4,2
29,21,7,12,1
36,34,4,14,2
27,51,3,7,2
20,34,8,4,2
22,56,4,5,2
23,56,6,4,2
25,67,1,7,2
26,41,2,3,2
19,21,5,12,2
37,57,6,7,2
22,67,10,9,2
25,69,12,5,2
17,36,5,8,2
26,70,2,5,2
32,23,11,4,2
17,64,12,6,2
32,61,10,3,2
36,38,8,3,2
40,72,10,13,2
15,72,2,2,2
15,21,6,8,2
20,47,5,2,2
25,59,8,10,1
32,26,5,10,2
29,80,9,1,2
33,50,1,3,2
15,35,1,7,2
15,38,3,13,2
17,74,6,3,2
22,69,1,8,2
37,36,4,8,2
36,73,7,13,2
21,57,1,14,2
25,53,12,11,1
40,60,11,2,2
19,31,9,11,1
33,63,2,6,2
25,40,3,3,2
34,74,7,5,2
34,74,3,10,2
37,37,7,14,2
15,76,4,2,2
24,79,9,6,2
39,62,3,14,2
20,45,3,1,2
25,77,6,10,2
32,27,9,6,2
34,51,8,11,1
22,80,12,4,2
34,28,7,6,2
29,68,2,11,2
30,68,7,7,2
24,76,12,7,2
34,28,10,12,1
35,41,4,6,2
19,60,11,4,2
18,42,10,5,2
38,59,5,7,2
35,40,5,5,2
19,63,8,10,1
36,32,9,9,2
38,21,6,11,2
33,80,4,2,2
28,67,6,7,2
29,80,8,1,2
25,63,11,8,2
25,50,6,11,1
26,48,3,4,2
17,54,5,12,2
40,55,6,2,2
39,39,1,1,2
30,30,10,3,2
37,20,5,9,2
23,38,11,4,2
32,53,3,9,2
22,46,12,9,0
33,50,2,8,2
36,50,5,9,2
16,63,11,7,2
16,42,11,6,2
33,67,2,12,2
32,37,4,1,2
27,41,12,9,0
30,32,8,1,2
32,31,5,3,2
39,35,11,10,2
28,45,5,5,2
25,44,1,6,2
19,40,9,4,2
26,43,12,14,1
34,68,8,14,1
32,50,10,12,1
20,62,12,14,1
24,41,6,2,2
15,73,12,6,2
24,33,12,3,2
33,66,4,5,2
31,61,8,9,2
38,53,11,12,2
38,78,2,2,2
18,63,8,12,1
37,49,11,5,2
15,68,2,13,2
34,67,1,5,2
31,31,5,8,2
38,63,7,7,2
18,44,6,9,2
16,32,10,8,0
24,68,10,7,2
30,45,8,2,2
38,60,9,12,2
20,68,2,2,2
32,59,5,8,2
28,43,1,14,2
21,43,1,7,2
29,79,12,14,2
23,79,12,13,2
27,71,4,1,2
25,54,3,14,2
20,77,12,13,2
32,70,5,8,2
15,39,1,8,2
28,56,3,13,2
21,65,5,1,2
26,75,7,4,2
25,22,10,6,2
28,44,5,5,2
22,58,12,12,1
25,31,12,3,2
32,42,3,3,2
22,73,3,12,2
28,51,5,8,2
31,24,11,4,2
29,68,2,3,2
35,20,11,13,2
38,44,5,7,2
17,22,1,13,2
28,71,1,13,2
33,66,4,13,2
20,48,10,8,0
27,39,5,8,2
17,24,8,2,2
23,78,2,8,2
15,43,7,4,2
23,36,5,4,2
30,46,7,10,1
33,74,11,6,2
28,31,2,1,2
19,41,10,8,0
23,26,1,12,2
37,72,6,11,2
32,33,2,9,2
32,49,6,6,2
29,32,8,13,1
34,45,5,1,2
33,39,8,12,1
21,57,1,3,2
32,78,12,7,2
15,27,10,14,1
28,46,6,12,1
35,75,12,4,2
32,20,12,14,1
20,32,10,5,2
20,69,10,2,2
32,21,7,14,1
30,52,7,10,1
38,69,2,10,2
39,77,5,1,2
25,26,9,13,1
30,47,5,1,2
32,35,12,2,2
22,27,4,12,2
19,37,10,1,2
23,48,2,14,2
26,50,7,1,2
32,26,6,13,1
27,22,5,8,2
31,34,6,12,1
28,79,10,7,2
23,72,5,5,2
27,77,6,4,2
26,65,4,4,2
21,68,9,8,2
20,50,7,12,1
37,53,12,12,2
29,68,3,14,2
32,61,11,13,1
32,28,1,13,2
23,44,1,5,2
17,57,4,5,2
39,79,11,1,2
17,60,10,14,1
31,53,12,11,1
40,42,10,3,2
36,34,8,9,2
36,35,2,4,2
30,26,5,7,2
29,63,12,5,2
17,76,11,9,2
28,34,8,3,2
25,68,10,7,2
23,47,11,13,1
18,21,2,4,2
15,34,6,8,2
19,25,8,9,0
15,48,1,1,2
39,36,6,10,2
18,53,9,8,2
21,74,3,14,2
25,46,10,13,1
33,21,5,11,2
35,62,8,9,2
18,23,9,1,2
36,32,5,8,2
28,47,10,9,0
40,51,9,12,2
38,52,2,2,2
31,37,9,12,1
37,23,12,9,2
19,26,9,7,2
16,69,3,13,2
36,30,1,7,2
16,78,7,1,2
36,73,8,3,2
40,55,4,8,2
33,49,11,9,2
18,46,10,8,0
38,47,7,7,2
24,36,12,5,2
35,23,4,12,2
32,74,5,12,2
25,76,4,1,2
20,28,11,6,2
17,32,8,7,2
30,73,2,13,2
27,70,9,13,2
38,72,7,6,2
16,22,6,13,1
26,72,10,11,2
30,62,2,11,2
33,38,2,8,2
25,48,4,5,2
25,54,10,12,1
25,44,5,4,2
24,31,6,9,2
28,65,12,4,2
15,58,4,1,2
39,59,4,14,2
34,60,7,9,2
37,61,5,2,2
15,63,5,4,2
23,42,6,6,2
26,61,12,9,2
18,29,11,9,0
24,34,10,14,1
37,43,12,9,2
39,77,1,12,2
15,60,2,7,2
19,38,1,7,2
22,54,5,5,2
22,49,7,2,2
23,44,7,9,2
30,26,5,11,2
28,41,2,3,2
15,23,11,1,2
29,22,9,6,2
34,27,12,4,2
23,50,2,9,2
22,67,3,11,2
26,27,4,12,2
28,70,10,3,2
38,32,11,12,2
26,41,3,4,2
33,55,5,3,2
35,51,9,3,2
24,24,11,14,1
34,45,5,6,2
24,77,11,7,2
28,51,2,13,2
23,52,9,14,1
16,63,8,11,1
19,21,10,5,2
40,70,12,14,2
18,23,5,14,2
32,33,6,13,1
38,53,12,1,2
27,74,5,9,2
20,20,4,8,2
37,77,8,2,2
26,66,11,13,1
30,42,10,4,2
33,54,9,8,2
20,32,9,11,1
33,79,5,5,2
34,38,6,4,2
30,57,4,8,2
34,29,9,14,1
23,21,6,8,2
18,77,4,5,2
15,53,4,10,2
16,51,9,9,2
15,59,2,9,2
32,21,5,9,2
26,63,8,6,2
20,33,8,7,2
21,25,11,7,2
37,44,12,1,2
35,41,11,9,2
37,78,8,10,2
28,41,4,10,2
32,32,5,11,2
23,48,3,1,2
33,58,7,3,2
15,61,12,14,1
25,76,6,7,2
21,50,12,1,2
17,26,3,1,2
29,71,7,11,2
22,57,9,5,2
26,44,12,8,0
36,50,9,13,2
30,33,7,11,1
40,37,12,7,2
20,24,10,10,1
18,79,5,11,2
35,68,11,11,2
34,69,9,9,2
31,76,9,8,2
27,52,9,13,1
40,53,8,12,2
19,73,7,2,2
34,67,7,5,2
22,42,12,1,2
20,57,1,7,2
18,45,6,8,2
16,23,1,6,2
16,47,11,7,2
35,42,5,4,2
37,33,7,2,2
22,28,4,10,2
20,23,3,10,2
23,24,2,7,2
22,46,3,14,2
37,23,7,14,2
18,31,8,4,2
33,37,9,3,2
21,30,12,10,1
18,49,6,5,2
21,28,7,8,2
19,20,3,5,2
30,52,8,12,1
39,39,12,2,2
34,78,2,6,2
40,30,12,1,2
22,66,8,12,1
38,39,1,13,2
25,66,2,14,2
35,27,7,2,2
28,72,6,3,2
29,43,7,8,2
31,62,1,12,2
33,74,9,12,2
29,62,5,4,2
39,35,3,5,2
27,64,2,11,2
21,53,4,9,2
30,55,1,3,2
35,80,4,2,2
21,70,12,8,2
21,61,11,3,2
26,62,10,1,2
26,44,4,14,2
28,73,3,5,2
19,69,12,7,2
37,77,2,9,2
21,79,9,6,2
26,36,5,1,2
19,21,2,6,2
34,73,2,14,2
31,50,7,6,2
22,76,2,7,2
34,23,12,4,2
22,62,11,7,2
27,35,2,11,2
16,67,6,14,1
25,46,7,2,2
33,44,6,5,2
16,65,6,6,2
16,34,4,14,2
40,59,1,8,2
15,39,6,10,1
17,25,3,9,2
19,33,3,5,2
22,55,6,13,1
25,72,10,9,2
27,76,7,5,2
28,20,2,10,2
28,69,2,9,2
38,80,12,11,2
20,51,1,1,2
27,48,6,4,2
29,68,7,14,1
17,40,5,8,2
16,47,10,8,0
25,65,11,10,1
20,48,7,12,1
38,68,1,9,2
36,77,7,10,2
26,37,10,5,2
31,28,11,8,2
35,27,6,12,2
32,20,3,4,2
40,63,12,10,2
26,56,6,8,2
20,76,10,10,2
39,27,5,4,2
15,66,6,13,1
22,40,12,11,1
39,36,8,13,2
30,40,12,2,2
39,58,9,14,2
40,32,10,12,2
38,29,7,4,2
36,31,9,1,2
17,56,11,2,2
28,77,4,10,2
21,76,9,9,2
30,58,11,12,1
34,44,8,12,1
17,38,10,2,2
30,68,1,2,2
29,46,1,4,2
21,22,8,1,2
19,44,2,12,2
34,68,7,13,1
36,62,9,14,2
36,41,7,11,2
33,75,6,12,2
28,78,12,11,2
31,24,10,13,1
25,60,6,1,2
33,80,8,13,2
26,61,5,8,2
29,48,3,4,2
20,38,3,12,2
17,30,2,7,2
27,79,4,3,2
19,25,4,8,2
21,36,2,4,2
28,46,4,8,2
25,28,11,10,1
15,62,9,13,1
27,42,8,9,0
15,68,1,12,2
33,30,1,6,2
28,77,5,9,2
36,39,3,12,2
20,54,1,6,2
37,31,11,11,2
22,52,3,6,2
34,28,8,5,2
36,21,11,8,2
16,68,2,3,2
22,34,7,9,2
26,35,4,2,2
23,70,3,10,2
33,53,5,1,2
28,61,9,5,2
38,49,8,13,2
23,79,10,12,2
20,35,1,5,2
38,24,4,12,2
32,62,7,4,2
25,47,9,4,2
19,29,3,3,2
34,68,4,11,2
15,72,11,2,2
38,59,12,10,2
22,36,12,10,1
40,69,5,5,2
28,37,11,1,2
30,58,5,3,2
33,32,7,12,1
16,71,6,8,2
28,33,12,3,2
18,24,12,1,2
23,79,11,10,2
22,56,3,9,2
19,39,2,13,2
36,51,3,5,2
33,79,7,13,2
27,58,5,10,2
37,49,11,5,2
37,61,11,11,2
40,51,10,1,2
37,20,2,14,2
25,24,9,8,0
18,62,4,13,2
39,33,8,1,2
18,44,5,7,2
32,78,7,1,2
30,42,5,2,2
34,28,9,9,2
15,53,10,1,2
38,38,2,8,2
33,70,3,3,2
21,33,8,7,2
16,32,5,6,2
38,49,5,3,2
20,55,12,1,2
34,69,10,1,2
22,32,8,10,1
25,42,11,6,2
18,70,1,7,2
36,77,3,13,2
16,39,8,12,1
34,74,6,11,2
36,37,6,12,2
19,56,3,10,2
25,41,7,13,1
22,58,3,3,2
36,64,8,1,2
30,32,6,12,1
23,53,9,12,1
29,72,7,4,2
40,26,11,1,2
21,39,8,11,1
39,37,2,10,2
18,48,11,3,2
17,74,11,13,2
17,54,1,10,2
36,57,2,14,2
21,38,8,8,0
18,66,5,1,2
32,48,5,8,2
21,45,5,5,2
24,48,6,2,2
19,23,10,13,1
25,67,2,8,2
20,52,1,8,2
20,71,3,7,2
19,30,5,9,2
23,32,9,12,1
15,49,8,1,2
36,28,9,10,2
19,38,3,5,2
40,56,8,6,2
19,79,2,6,2
38,58,11,13,2
30,38,7,14,1
21,61,8,4,2
32,51,7,6,2
29,54,1,9,2
15,32,2,4,2
25,72,8,13,2
37,29,12,1,2
27,43,3,2,2
32,22,11,9,2
30,66,3,8,2
37,31,5,4,2
20,53,6,10,1
40,27,7,8,2
37,32,10,13,2
38,53,2,8,2
23,46,11,7,2
33,32,1,4,2
17,38,1,2,2
24,66,1,6,2
22,60,4,8,2
38,69,12,10,2
40,66,9,4,2
22,58,1,2,2
21,60,1,6,2
18,21,8,4,2
32,34,5,6,2
15,73,11,4,2
27,47,1,5,2
34,36,12,2,2
30,78,11,7,2
31,66,9,14,1
32,70,2,3,2
34,73,6,8,2
33,80,6,8,2
39,30,1,7,2
39,38,5,11,2
30,54,8,13,1
22,76,2,2,2
30,37,12,7,2
28,27,1,2,2
40,78,4,6,2
27,45,8,13,1
19,30,9,4,2
23,29,1,1,2
16,25,5,2,2
38,80,1,1,2
18,57,2,9,2
21,20,12,14,1
34,23,2,14,2
28,55,9,9,2
34,80,4,14,2
35,33,10,10,2
36,72,12,9,2
17,45,6,11,1
22,58,12,1,2
31,69,9,10,1
33,61,12,5,2
32,35,12,6,2
31,39,4,3,2
30,22,10,14,1
19,68,10,6,2
34,62,1,3,2
15,62,11,12,1
15,63,8,11,1
38,36,2,6,2
40,66,11,8,2
17,26,5,2,2
37,30,7,10,2
30,68,7,10,1
39,24,8,12,2
37,51,8,5,2
20,33,6,4,2
28,34,6,6,2
32,21,5,4,2
24,63,6,8,2
39,29,11,12,2
34,47,1,5,2
18,49,7,7,2
18,36,3,7,2
25,41,12,5,2
37,79,8,2,2
27,48,5,3,2
22,66,8,3,2
21,38,9,7,2
35,77,5,14,2
40,79,12,10,2
18,65,3,7,2
29,21,11,7,2
34,36,5,9,2
33,70,7,6,2
32,33,10,4,2
34,40,10,13,1
40,21,3,5,2
21,56,6,12,1
18,70,5,8,2
33,40,6,10,1
36,30,7,14,2
22,52,9,11,1
19,75,4,14,2
22,27,12,9,0
16,51,2,2,2
17,31,1,10,2
29,49,11,14,1
32,30,10,14,1
32,52,11,8,2
30,76,6,3,2
15,80,7,5,2
24,35,4,11,2
33,80,12,12,2
38,39,10,9,2
20,76,6,14,2
27,52,4,1,2
39,52,7,13,2
34,41,10,2,2
21,32,12,7,2
38,48,8,4,2
16,65,11,12,1
26,43,3,14,2
26,78,11,5,2
15,57,5,11,2
21,61,11,3,2
24,27,10,13,1
25,61,1,3,2
31,51,11,10,1
33,37,1,5,2
15,26,12,3,2
39,41,11,3,2
31,39,11,9,2
27,68,1,3,2
26,75,4,7,2
20,31,7,12,1
22,26,2,13,2
25,54,9,12,1
37,21,11,8,2
34,36,8,5,2
28,42,1,4,2
16,75,5,13,2
25,53,8,6,2
17,70,8,3,2
22,47,9,9,0
15,63,8,5,2
29,29,12,11,1
35,70,2,8,2
34,41,4,12,2
20,35,11,12,1
17,66,3,13,2
24,71,10,14,2
24,24,6,4,2
36,62,5,14,2
25,24,10,2,2
32,32,6,12,1
27,77,6,2,2
28,37,12,14,1
37,57,9,10,2
19,40,9,8,0
16,56,9,3,2
28,71,7,13,2
22,68,4,1,2
32,29,1,4,2
31,45,8,8,2
34,20,8,12,1
31,25,8,5,2
27,48,4,7,2
16,41,1,10,2
16,52,5,9,2
32,41,12,13,1
38,27,4,6,2
27,40,9,9,0
20,76,9,10,2
25,37,11,10,1
21,71,7,12,2
35,68,1,7,2
16,73,1,11,2
22,74,11,14,2
26,56,6,9,2
24,30,12,7,2
22,35,2,2,2
24,22,10,6,2
20,38,5,12,2
22,48,12,4,2
17,73,6,7,2
32,24,8,14,1
17,24,2,8,2
24,51,8,8,2
40,62,8,3,2
39,80,6,3,2
39,38,7,14,2
16,68,5,10,2
33,49,9,6,2
16,33,9,2,2
23,33,4,14,2
26,33,6,1,2
20,35,11,8,0
20,57,9,1,2
36,50,9,5,2
26,63,1,12,2
31,79,9,10,2
24,55,3,3,2
29,41,11,1,2
20,45,12,4,2
40,67,11,6,2
32,64,11,12,1
21,71,12,2,2
34,25,6,2,2
16,41,8,6,2
19,33,6,5,2
18,39,8,13,1
16,54,6,8,2
35,41,3,3,2
37,58,5,7,2
29,62,3,1,2
25,39,1,14,2
39,24,12,1,2
18,23,2,9,2
39,56,12,12,2
33,47,8,5,2
17,21,7,11,1
31,65,2,12,2
30,55,1,7,2
32,60,7,1,2
32,77,5,9,2
26,49,12,13,1
40,26,10,12,2
16,59,10,8,2
24,80,8,5,2
40,31,8,5,2
15,59,8,7,2
33,62,2,13,2
30,77,1,10,2
26,60,10,9,2
35,62,3,14,2
33,76,8,6,2
20,59,8,12,1
24,24,4,8,2
26,52,1,2,2
31,37,5,10,2
20,59,5,13,2
16,20,8,8,0
19,72,3,4,2
34,73,9,10,2
30,35,11,11,1
20,70,3,9,2
38,72,1,7,2
27,53,4,14,2
26,62,1,9,2
19,37,8,1,2
24,24,8,6,2
21,43,10,5,2
20,51,7,3,2
29,65,12,10,1
15,80,1,14,2
18,23,3,2,2
38,62,12,10,2
25,53,4,1,2
37,32,1,5,2
15,44,1,14,2
29,38,2,12,2
34,46,6,11,1
40,26,8,14,2
25,43,3,5,2
26,30,8,14,1
39,48,5,6,2
33,28,1,7,2
26,31,3,10,2
35,36,5,11,2
15,42,10,8,0
22,51,7,14,1
29,64,2,9,2
17,39,5,4,2
33,41,10,1,2
31,62,10,13,1
21,80,6,10,2
26,56,2,6,2
34,29,6,10,1
32,45,11,4,2
18,23,3,6,2
32,58,3,13,2
16,46,1,13,2
19,34,10,2,2
20,43,3,14,2
31,77,2,14,2
37,71,3,13,2
25,51,6,13,1
33,20,7,13,1
21,43,2,5,2
40,66,2,12,2
29,62,11,1,2
31,20,7,5,2
16,55,1,8,2
24,37,4,13,2
33,35,10,6,2
26,34,3,12,2
27,30,4,3,2
15,80,9,2,2
24,45,12,6,2
39,62,3,5,2
15,73,7,14,2
29,58,5,5,2
16,78,1,8,2
25,29,2,3,2
32,28,4,1,2
30,29,1,5,2
19,62,2,5,2
21,79,12,2,2
33,62,5,1,2
32,74,4,10,2
36,72,2,9,2
40,33,6,8,2
16,72,5,1,2
31,70,11,3,2
21,29,12,4,2
32,44,2,9,2
15,33,2,9,2
21,52,3,14,2
21,61,4,1,2
19,55,10,8,2
32,49,1,9,2
32,46,8,4,2
28,50,9,3,2
40,23,10,10,2
30,51,4,5,2
36,37,2,7,2
28,69,12,7,2
24,72,8,8,2
21,26,12,5,2
38,46,1,8,2
34,65,9,13,1
28,43,12,8,0
23,66,9,14,1
28,80,6,11,2
35,69,11,1,2
17,21,9,4,2
31,47,5,5,2
27,43,12,5,2
27,56,3,7,2
25,77,12,3,2
29,68,9,10,1
26,51,8,6,2
37,67,2,5,2
31,66,4,4,2
22,71,6,3,2
35,64,2,11,2
40,67,10,5,2
33,29,2,2,2
39,70,1,1,2
40,72,2,7,2
36,48,5,8,2
19,32,4,8,2
20,64,11,8,2
32,55,10,8,2
27,72,1,5,2
15,47,3,3,2
19,63,6,8,2
20,55,4,11,2
18,76,5,4,2
29,47,9,14,1
23,80,6,13,2
27,54,11,12,1
37,23,10,5,2
40,38,12,2,2
33,73,9,8,2
34,63,3,6,2
32,39,7,7,2
36,50,3,11,2
22,78,4,13,2
28,66,12,7,2
24,22,3,2,2
21,72,9,7,2
38,67,5,12,2
30,47,1,4,2
36,36,9,4,2
33,65,10,10,1
19,62,12,10,1
31,38,8,3,2
40,33,1,2,2
38,65,10,9,2
27,59,4,10,2
15,32,11,6,2
24,48,6,2,2
36,63,12,12,2
24,66,6,2,2
17,37,1,2,2
25,39,9,4,2
40,70,1,6,2
17,74,5,9,2
25,33,3,7,2
34,22,7,1,2
36,21,7,9,2
36,51,12,3,2
24,28,2,6,2
28,31,9,7,2
26,36,3,10,2
31,71,6,2,2
22,52,3,7,2
19,30,7,10,1
19,80,3,14,2
29,33,5,4,2
35,62,11,3,2
29,62,5,3,2
16,45,12,10,1
35,32,7,8,2
37,48,7,3,2
20,40,1,1,2
37,57,5,8,2
24,64,12,14,1
28,57,5,1,2
40,56,10,1,2
27,35,4,5,2
38,57,11,4,2
37,25,3,2,2
24,32,1,3,2
15,45,7,12,1
24,60,5,6,2
28,43,2,8,2
23,41,10,7,2
29,28,5,2,2
35,45,9,11,2
26,21,10,5,2
23,55,4,13,2
31,49,10,13,1
31,68,5,11,2
22,75,8,8,2
25,25,2,9,2
26,51,5,12,2
40,41,6,4,2
36,47,10,9,2
32,29,12,11,1
26,69,8,14,1
34,36,6,10,1
15,65,2,13,2
30,29,11,12,1
25,76,11,12,2
15,79,8,6,2
28,70,12,8,2
25,58,6,3,2
20,22,7,2,2
31,59,1,14,2
21,78,12,11,2
33,61,1,12,2
29,73,5,13,2
18,35,4,14,2
20,71,6,2,2
26,52,7,7,2
35,39,12,14,2
16,68,12,6,2
40,39,3,11,2
25,50,2,3,2
16,47,11,11,1
22,42,1,7,2
36,39,10,6,2
15,50,4,8,2
21,50,6,11,1
26,31,12,8,0
23,78,5,1,2
24,57,1,11,2
31,47,5,5,2
19,35,6,10,1
33,34,7,12,1
15,54,8,6,2
28,70,10,1,2
16,75,3,3,2
25,27,8,12,1
17,59,5,9,2
15,78,5,10,2
39,35,11,11,2
35,41,1,3,2
22,57,6,11,1
27,54,5,4,2
26,21,12,13,1
34,74,10,12,2
17,57,2,9,2
24,69,10,3,2
31,50,5,1,2
33,28,6,5,2
21,57,10,8,2
34,67,9,8,2
23,66,9,13,1
17,44,3,8,2
38,64,5,13,2
18,70,3,1,2
20,46,6,3,2
22,80,3,10,2
33,31,5,9,2
20,31,8,5,2
21,74,6,8,2
34,47,6,1,2
20,30,6,10,1
25,55,7,13,1
24,62,12,9,2
15,75,1,11,2
30,67,8,12,1
37,74,11,6,2
29,60,11,7,2
27,46,5,8,2
36,75,12,11,2
31,23,7,2,2
38,63,5,9,2
19,46,10,7,2
23,62,7,13,1
24,65,1,14,2
39,22,7,11,2
26,78,7,4,2
27,76,4,12,2
21,75,10,3,2
36,30,5,4,2
35,41,5,9,2
17,69,8,7,2
29,43,6,1,2
34,43,3,3,2
37,66,6,13,2
40,45,5,6,2
39,52,9,9,2
30,63,7,2,2
40,44,8,2,2
29,52,7,12,1
33,24,9,11,1
27,72,9,5,2
21,68,7,8,2
15,71,5,12,2
35,28,4,6,2
39,25,6,13,2
23,26,10,6,2
34,38,11,11,1
33,56,11,4,2
38,30,7,14,2
38,70,9,5,2
30,30,8,6,2
37,76,2,2,2
30,26,6,10,1
37,64,7,12,2
18,51,11,6,2
15,48,11,5,2
25,70,4,7,2
18,71,8,4,2
18,63,3,1,2
40,45,9,1,2
30,32,4,5,2
15,22,8,10,1
26,40,4,1,2
27,44,6,8,2
29,21,11,5,2
25,52,4,2,2
38,71,7,11,2
36,78,2,14,2
19,31,6,5,2
27,80,2,11,2
33,38,3,8,2
35,28,5,13,2
34,78,2,12,2
19,47,6,3,2
30,33,8,1,2
30,23,4,11,2
32,56,11,12,1
32,77,11,13,2
35,63,10,13,2
24,64,12,4,2
37,55,2,3,2
22,50,11,10,1
30,24,1,8,2
35,23,1,3,2
21,76,8,13,2
25,33,8,2,2
23,53,8,12,1
20,77,2,6,2
38,43,8,9,2
32,29,8,6,2
20,24,9,8,0
39,24,9,14,2
34,47,3,4,2
39,54,2,14,2
27,63,6,13,1
39,48,12,1,2
30,43,12,6,2
33,52,5,10,2
26,71,3,4,2
28,26,12,13,1
24,40,4,14,2
16,63,11,2,2
19,23,5,2,2
27,74,2,14,2
36,78,4,9,2
28,64,7,14,1
26,23,6,6,2
25,64,7,11,1
40,28,9,11,2
34,23,7,12,1
20,61,6,9,2
22,72,4,9,2
37,75,7,4,2
37,80,3,6,2
17,66,5,10,2
36,51,1,11,2
15,23,9,5,2
21,71,9,2,2
21,73,3,4,2
22,50,5,8,2
15,29,3,9,2
16,44,10,10,1
20,79,5,5,2
30,59,12,2,2
17,32,8,10,1
31,35,7,12,1
21,80,10,4,2
36,49,2,14,2
31,59,8,7,2
18,54,7,11,1
16,62,5,1,2
16,40,1,3,2
26,39,8,13,1
17,80,6,4,2
26,38,9,8,0
20,39,9,7,2
21,72,6,10,2
15,20,4,7,2
18,31,6,12,1
23,78,4,5,2
23,73,10,4,2
31,76,3,9,2
40,46,1,12,2
33,68,3,7,2
31,68,9,4,2
40,45,9,12,2
21,46,3,14,2
30,40,2,2,2
29,23,9,1,2
39,78,8,13,2
22,70,1,8,2
24,58,6,2,2
30,32,6,6,2
26,29,11,8,0
29,22,10,12,1
28,49,2,14,2
28,68,2,2,2
26,37,8,13,1
23,79,5,12,2
39,29,11,10,2
22,37,11,5,2
39,51,12,10,2
31,59,2,1,2
33,64,10,1,2
26,56,7,3,2
23,56,1,11,2
30,26,12,3,2
17,61,12,13,1
23,48,3,1,2
19,32,6,6,2
28,69,7,14,1
18,25,11,10,1
25,47,10,14,1
35,28,7,14,2
24,23,2,2,2
16,34,3,12,2
21,78,3,3,2
16,40,1,7,2
22,72,8,1,2
16,27,3,4,2
31,32,7,11,1
35,78,8,6,2
30,55,11,2,2
17,28,12,14,1
25,49,12,5,2
28,24,7,2,2
22,21,7,4,2
32,42,5,10,2
26,48,5,13,2
40,25,9,10,2
27,72,12,3,2
17,68,1,10,2
15,40,10,12,1
39,27,10,2,2
40,78,4,4,2
16,73,2,1,2
15,28,5,1,2
30,59,9,14,1
29,72,12,13,2
39,44,7,8,2
40,33,1,2,2
26,79,9,1,2
27,38,10,9,0
33,80,6,6,2
37,25,7,3,2
16,43,8,4,2
23,61,5,1,2
31,20,5,5,2
36,54,9,10,2
28,37,1,11,2
35,76,1,8,2
31,65,1,11,2
21,32,1,13,2
24,28,8,1,2
39,60,10,6,2
35,46,1,11,2
33,64,12,12,1
31,46,5,7,2
24,51,2,6,2
20,60,5,2,2
18,79,11,6,2
22,45,8,1,2
16,40,10,3,2
35,32,8,7,2
16,49,9,6,2
20,21,12,4,2
25,58,11,6,2
35,44,12,9,2
19,63,7,1,2
17,43,2,7,2
20,57,3,13,2
34,69,5,8,2
27,77,7,2,2
38,70,8,9,2
35,42,8,4,2
23,40,7,10,1
40,35,5,9,2
39,70,9,5,2
17,44,2,5,2
28,40,8,13,1
16,27,2,6,2
39,51,1,4,2
20,73,9,9,2
39,46,6,13,2
34,76,6,4,2
27,25,4,4,2
31,37,9,7,2
38,72,11,6,2
36,80,10,10,2
33,33,7,5,2
30,75,1,3,2
40,67,5,13,2
23,25,6,4,2
25,42,6,14,1
20,20,3,5,2
30,76,9,4,2
27,41,12,3,2
26,58,5,1,2
35,35,10,2,2
33,42,6,3,2
25,59,1,1,2
29,20,5,14,2
25,51,9,2,2
30,36,2,11,2
29,73,3,4,2
35,69,6,4,2
15,69,12,7,2
38,59,12,3,2
17,29,3,6,2
26,71,2,5,2
31,42,2,13,2
26,41,9,8,0
15,76,7,14,2
23,79,3,5,2
27,27,8,8,0
29,27,10,2,2
37,80,10,11,2
37,64,10,1,2
31,74,11,3,2
26,48,1,5,2
24,31,7,1,2
26,75,2,14,2
38,58,3,2,2
39,72,3,3,2
27,71,11,2,2
28,47,5,7,2
38,25,10,5,2
30,61,2,12,2
40,57,6,3,2
26,37,7,7,2
22,46,10,2,2
25,22,9,4,2
20,55,5,6,2
36,26,3,2,2
33,24,1,9,2
17,35,5,5,2
27,59,6,2,2
27,23,12,6,2
20,67,4,3,2
21,49,3,8,2
21,46,4,9,2
24,40,11,3,2
19,32,3,13,2
22,50,11,8,2
19,76,12,13,2
37,44,7,10,2
23,24,6,14,1
24,52,8,2,2
26,44,8,12,1
27,36,5,3,2
24,75,4,13,2
34,74,12,6,2
17,26,6,3,2
23,31,2,14,2
21,80,4,2,2
30,43,3,14,2
35,72,12,10,2
22,23,10,14,1
28,47,11,11,1
35,41,11,4,2
33,55,1,8,2
27,75,6,6,2
34,75,4,14,2
21,47,6,13,1
29,31,9,14,1
20,64,3,14,2
22,25,9,1,2
17,54,11,7,2
16,49,8,9,0
16,42,8,7,2
24,30,7,2,2
40,75,6,2,2
37,28,8,7,2
19,64,9,6,2
18,23,3,9,2
21,70,4,9,2
27,76,2,14,2
37,68,10,7,2
15,75,11,6,2
32,26,11,12,1
20,36,12,1,2
23,76,8,2,2
22,62,1,6,2
16,46,3,11,2
29,41,12,6,2
39,20,11,12,2
30,21,11,13,1
25,64,10,5,2
40,22,11,7,2
17,54,11,1,2
25,74,8,14,2
20,69,2,7,2
20,56,8,3,2
25,79,6,2,2
30,44,6,3,2
16,72,4,12,2
18,37,11,12,1
38,32,11,5,2
20,68,10,2,2
38,73,1,4,2
21,44,11,1,2
28,45,4,3,2
22,25,5,10,2
25,61,12,10,1
33,77,3,4,2
18,37,6,5,2
38,74,12,8,2
33,39,6,11,1
28,66,10,4,2
28,31,6,13,1
39,56,5,7,2
23,50,9,8,2
40,34,7,13,2
36,25,12,11,2
26,61,9,11,1
19,39,6,9,2
37,53,11,5,2
40,30,12,9,2
19,75,8,8,2
36,52,9,11,2
15,35,3,10,2
28,63,7,5,2
25,20,12,7,2
28,31,9,13,1
15,62,9,2,2
32,54,2,11,2
17,75,3,2,2
32,62,1,2,2
33,52,5,14,2
24,57,7,5,2
39,32,10,14,2
30,70,11,5,2
37,66,3,10,2
19,52,1,14,2
15,76,3,3,2
28,26,7,8,2
21,54,8,13,1
31,79,8,14,2
34,48,2,5,2
21,29,12,7,2
36,58,7,4,2
22,57,11,3,2
31,63,7,3,2
15,29,11,5,2
29,80,7,1,2
20,59,8,5,2
40,27,10,5,2
25,50,7,1,2
30,42,6,13,1
23,39,6,9,2
39,58,1,13,2
28,39,3,7,2
24,40,6,11,1
26,63,12,2,2
29,26,7,1,2
25,27,5,10,2
35,65,4,6,2
16,61,11,8,2
26,40,6,3,2
33,32,9,9,2
25,24,10,9,0
29,76,2,3,2
28,56,9,4,2
21,57,8,8,2
40,54,10,2,2
21,25,9,6,2
16,31,3,14,2
19,21,3,13,2
33,36,5,11,2
39,75,10,10,2
19,55,4,6,2
24,46,1,14,2
18,51,10,8,2
26,39,11,3,2
31,58,6,11,1
23,42,6,14,1
33,72,12,6,2
35,46,7,13,2
36,24,8,5,2
31,22,11,1,2
24,20,2,14,2
15,62,11,6,2
19,37,6,1,2
32,58,3,4,2
25,37,11,5,2
35,26,2,3,2
29,77,4,6,2
22,29,9,8,0
31,43,1,10,2
25,75,12,7,2
17,24,12,3,2
29,72,3,14,2
38,62,6,14,2
37,36,1,14,2
27,43,7,5,2
37,40,8,3,2
38,77,7,11,2
24,39,6,14,1
39,63,6,2,2
21,62,6,12,1
25,46,5,7,2
28,80,6,10,2
17,62,7,9,2
31,50,5,11,2
24,32,10,11,1
31,24,1,9,2
24,30,12,11,1
29,56,2,4,2
15,26,9,6,2
31,69,2,12,2
39,52,10,3,2
24,51,4,13,2
29,20,5,6,2
35,40,8,8,2
34,79,4,3,2
31,48,6,3,2
17,28,7,2,2
31,66,9,14,1
36,35,10,1,2
40,24,6,5,2
20,40,4,9,2
25,63,2,3,2
29,72,4,3,2
18,48,10,9,0
16,67,6,3,2
35,20,1,1,2
29,41,9,7,2
35,36,5,3,2
17,57,10,9,2
40,28,7,11,2
40,34,10,5,2
40,20,6,8,2
22,58,1,7,2
21,77,2,9,2
27,46,9,6,2
23,61,10,9,2
15,43,7,1,2
35,56,2,7,2
29,62,9,5,2
37,51,2,1,2
18,38,8,11,1
22,54,10,9,2
32,56,7,1,2
27,24,12,14,1
29,45,5,7,2
29,41,4,12,2
33,65,10,13,1
34,45,3,5,2
21,45,7,1,2
15,64,4,10,2
29,37,8,5,2
22,79,8,8,2
19,79,6,9,2
28,26,4,2,2
21,79,6,8,2
40,66,8,13,2
34,40,12,12,1
36,52,1,14,2
34,22,1,9,2
39,57,9,7,2
18,50,7,4,2
36,26,10,7,2
36,64,8,12,2
31,66,7,1,2
28,25,2,6,2
17,58,3,1,2
17,50,9,11,1
16,39,7,11,1
36,63,5,6,2
24,62,10,3,2
15,20,2,12,2
22,77,12,14,2
19,60,8,10,1
15,38,12,5,2
21,64,12,4,2
40,49,4,8,2
31,51,2,4,2
16,47,2,10,2
18,73,8,9,2
20,63,10,13,1
15,27,10,11,1
20,47,6,13,1
31,58,3,2,2
37,42,11,9,2
18,45,6,2,2
35,29,12,13,2
17,26,6,14,1
25,21,8,14,1
35,80,1,3,2
22,76,4,8,2
19,75,7,11,2
20,30,8,11,1
21,28,7,11,1
25,22,10,5,2
17,23,2,10,2
22,36,6,7,2
15,69,4,1,2
17,22,5,1,2
37,30,1,12,2
37,25,12,10,2
25,49,3,13,2
35,66,5,7,2
16,64,1,13,2
38,45,11,2,2
35,51,5,9,2
37,56,10,12,2
39,26,10,9,2
38,22,7,14,2
17,62,6,9,2
24,37,11,10,1
18,72,1,10,2
27,31,2,8,2
36,21,8,6,2
37,76,12,9,2
29,35,12,2,2
16,40,8,3,2
35,78,5,14,2
24,53,11,14,1
32,22,6,4,2
25,77,2,11,2
28,67,4,14,2
27,51,6,6,2
34,34,11,2,2
29,53,10,13,1
24,39,9,12,1
25,50,6,13,1
37,73,5,14,2
40,60,1,3,2
38,76,4,2,2
15,74,11,11,2
36,25,12,3,2
15,69,6,13,1
29,43,7,5,2
22,46,9,6,2
20,64,7,3,2
22,28,3,1,2
38,65,9,9,2
26,71,4,4,2
27,21,11,12,1
40,52,1,13,2
17,69,11,13,1
16,80,6,14,2
27,63,11,1,2
30,59,8,6,2
31,24,2,6,2
19,38,6,10,1
29,20,5,11,2
27,78,11,13,2
40,42,1,1,2
18,65,5,4,2
31,62,4,4,2
38,22,1,6,2
27,25,2,4,2
29,50,10,9,2
19,44,6,8,2
28,60,12,2,2
27,68,5,3,2
40,68,8,5,2
24,25,4,12,2
20,38,9,13,1
40,80,8,12,2
38,29,7,7,2
40,39,6,13,2
18,65,10,8,2
36,29,12,2,2
27,46,12,6,2
26,37,12,6,2
15,68,2,14,2
34,63,8,11,1
26,48,1,12,2
39,56,12,10,2
22,75,2,13,2
35,24,3,10,2
29,69,1,8,2
40,79,11,5,2
40,62,12,5,2
24,50,5,8,2
18,40,3,9,2
26,65,12,8,2
30,33,3,7,2
19,73,9,10,2
27,47,7,2,2
32,72,12,11,2
29,73,2,10,2
26,58,4,4,2
35,60,12,9,2
28,28,6,2,2
25,32,7,2,2
23,73,2,13,2
32,54,8,5,2
40,20,7,10,2
39,47,1,11,2
39,64,11,6,2
31,57,4,2,2
27,38,6,9,2
20,60,7,7,2
22,63,10,14,1
34,46,4,10,2
35,65,2,11,2
27,42,6,7,2
24,47,4,7,2
28,65,11,10,1
25,70,9,2,2
33,29,8,9,2
34,65,12,3,2
17,60,3,7,2
31,59,9,5,2
26,55,3,6,2
27,54,5,6,2
16,29,10,7,2
39,33,11,5,2
16,20,9,2,2
23,64,10,14,1
27,70,12,3,2
20,40,8,1,2
39,26,5,4,2
22,68,11,7,2
17,33,8,13,1
31,45,10,12,1
36,74,10,7,2
23,35,2,2,2
22,79,4,6,2
20,63,9,6,2
17,55,7,5,2
35,48,3,12,2
29,61,5,6,2
37,20,12,11,2
34,38,9,7,2
33,36,3,6,2
24,70,5,1,2
29,43,10,3,2
21,25,7,14,1
38,21,11,8,2
21,49,9,6,2
16,29,3,3,2
37,64,11,1,2
20,58,7,5,2
26,52,7,8,2
15,29,4,7,2
21,77,10,13,2
39,31,12,12,2
15,71,10,11,2
28,67,10,10,1
16,60,11,6,2
27,60,9,8,2
35,43,9,11,2
22,66,9,7,2
38,27,10,10,2
15,33,4,3,2
21,39,8,6,2
24,49,8,8,0
28,67,5,6,2
30,46,2,13,2
26,75,9,9,2
22,38,12,7,2
29,71,1,2,2
40,72,6,6,2
35,33,5,6,2
24,20,8,11,1
20,39,8,8,0
27,46,8,8,0
17,22,5,3,2
24,76,7,6,2
22,69,11,6,2
29,63,10,2,2
31,58,9,11,1
25,21,9,1,2
29,75,3,4,2
29,27,5,14,2
40,56,8,3,2
34,31,7,7,2
39,20,8,12,2
39,68,8,12,2
28,72,3,7,2
17,63,4,4,2
29,33,9,2,2
37,43,12,3,2
40,22,11,9,2
15,68,2,7,2
31,37,1,4,2
28,30,5,13,2
16,36,7,2,2
17,25,4,3,2
22,50,2,13,2
24,25,8,6,2
24,61,12,11,1
32,40,3,13,2
16,69,12,1,2
23,60,10,3,2
15,36,4,8,2
17,51,5,5,2
23,26,11,1,2
36,73,3,4,2
35,33,9,10,2
38,48,12,1,2
39,55,7,1,2
17,73,6,13,2
33,30,5,7,2
40,73,5,13,2
20,50,2,8,2
22,58,10,4,2
27,33,5,11,2
40,45,4,12,2
31,22,3,10,2
38,42,1,12,2
15,64,10,5,2
24,79,8,6,2
30,40,10,2,2
29,30,3,4,2
20,77,6,1,2
39,27,12,12,2
24,39,5,14,2
39,65,10,10,2
20,30,12,7,2
23,69,1,12,2
23,40,3,3,2
40,35,4,6,2
18,40,10,1,2
18,33,3,8,2
17,43,7,2,2
25,58,5,9,2
17,54,12,7,2
20,68,8,12,1
36,30,2,6,2
28,57,5,13,2
36,69,5,9,2
39,76,8,8,2
17,71,8,1,2
34,21,3,6,2
40,54,2,14,2
37,57,4,5,2
18,24,3,4,2
33,29,2,6,2
15,72,6,11,2
18,34,8,6,2
37,58,3,1,2
24,80,5,7,2
38,37,5,3,2
22,59,1,4,2
29,56,11,8,2
15,31,8,3,2
15,24,1,4,2
35,62,3,12,2
30,79,8,7,2
38,66,5,12,2
35,41,5,5,2
21,30,3,10,2
25,75,5,6,2
20,60,2,13,2
20,70,3,5,2
29,46,6,1,2
39,66,5,10,2
27,61,1,11,2
24,46,7,12,1
16,23,10,3,2
23,34,4,8,2
19,62,7,2,2
34,39,9,7,2
33,67,7,10,1
20,47,2,7,2
18,59,3,5,2
18,45,8,7,2
19,44,3,11,2
32,73,1,9,2
35,78,7,2,2
31,52,4,1,2
17,25,12,1,2
35,69,5,1,2
35,27,4,4,2
33,23,1,5,2
24,25,9,7,2
39,80,5,7,2
32,25,1,8,2
22,40,2,3,2
17,71,11,13,2
32,47,11,3,2
15,44,9,11,1
20,20,7,4,2
35,20,1,3,2
20,54,1,7,2
22,78,10,1,2
18,25,7,7,2
20,79,4,12,2
25,22,1,2,2
31,29,3,10,2
32,64,9,3,2
26,38,9,4,2
30,58,4,8,2
37,38,1,9,2
17,41,4,4,2
30,21,4,5,2
34,54,1,6,2
26,34,4,8,2
31,63,4,11,2
15,22,12,11,1
31,53,4,9,2
29,53,4,10,2
37,67,10,8,2
23,78,4,6,2
32,49,9,8,2
34,27,9,14,1
31,63,2,2,2
26,78,2,6,2
40,55,4,4,2
22,21,10,6,2
32,69,6,8,2
26,22,12,6,2
24,71,6,10,2
25,51,9,6,2
16,76,9,11,2
38,48,12,13,2
19,72,11,9,2
35,56,2,10,2
31,43,7,11,1
37,73,2,10,2
36,69,4,5,2
32,76,7,7,2
23,42,10,11,1
36,36,10,13,2
27,72,11,4,2
30,63,3,13,2
20,50,2,6,2
25,50,10,1,2
21,25,10,3,2
21,64,2,9,2
23,24,2,11,2
32,36,3,5,2
15,22,11,8,0
28,38,7,10,1
16,24,4,10,2
22,74,8,12,2
17,71,3,6,2
15,77,12,10,2
37,33,1,11,2
19,67,10,7,2
32,74,11,4,2
39,32,3,8,2
39,67,3,9,2
22,22,8,10,1
24,52,6,2,2
22,20,12,5,2
39,30,3,7,2
19,80,1,1,2
26,56,4,4,2
33,41,12,13,1
23,28,11,13,1
30,29,2,12,2
34,73,5,6,2
38,62,7,5,2
26,65,11,5,2
18,60,10,6,2
16,59,1,1,2
28,60,6,14,1
37,74,12,1,2
32,75,4,4,2
29,44,10,12,1
30,48,11,12,1
36,32,5,6,2
18,47,6,4,2
24,65,6,4,2
17,72,5,4,2
35,58,2,2,2
25,68,1,2,2
29,60,9,14,1
40,52,10,1,2
15,20,6,10,1
30,25,4,3,2
23,73,12,12,2
24,53,10,4,2
20,40,8,9,0
38,70,11,12,2
40,56,10,7,2
31,62,6,2,2
31,67,8,13,1
22,20,9,8,0
16,34,2,5,2
28,26,5,10,2
34,49,3,8,2
27,51,4,14,2
40,67,6,9,2
35,56,11,10,2
18,48,12,8,0
19,55,9,4,2
34,72,2,13,2
35,25,7,6,2
31,79,6,2,2
27,46,6,10,1
36,30,10,10,2
31,70,12,14,2
17,77,11,9,2
26,61,6,6,2
36,45,2,8,2
15,39,8,11,1
32,40,3,12,2
19,40,1,4,2
35,61,1,12,2
23,53,12,1,2
17,47,9,8,0
20,80,12,12,2
27,67,2,11,2
21,74,1,12,2
19,27,6,9,2
39,22,3,4,2
17,40,4,12,2
18,20,4,6,2
29,73,7,6,2
31,44,9,2,2
28,25,10,4,2
35,54,7,6,2
27,68,2,1,2
37,59,6,11,2
36,52,9,10,2
18,43,10,10,1
38,37,5,5,2
22,71,6,8,2
35,43,8,10,2
28,39,4,5,2
31,28,10,2,2
25,33,10,2,2
26,72,7,1,2
23,67,3,6,2
35,27,9,5,2
17,42,11,11,1
16,50,2,12,2
34,56,9,4,2
19,31,2,3,2
34,45,8,11,1
25,30,5,1,2
34,47,9,6,2
27,35,6,4,2
19,61,4,13,2
29,72,4,1,2
22,43,8,9,0
39,40,7,4,2
16,29,8,5,2
28,40,8,9,0
40,46,8,8,2
29,55,8,1,2
21,20,6,11,1
38,68,12,2,2
37,22,8,7,2
23,29,6,11,1
24,68,6,8,2
18,64,1,13,2
33,70,7,5,2
40,80,7,3,2
22,23,9,9,0
22,41,3,2,2
29,80,1,11,2
38,29,6,14,2
26,46,1,14,2
34,21,11,9,2
38,57,11,7,2
15,24,11,14,1
25,78,1,14,2
34,24,5,7,2
16,63,10,12,1
24,41,12,7,2
29,58,4,8,2
30,62,3,9,2
30,26,6,7,2
19,35,2,1,2
18,65,8,14,1
40,51,4,12,2
31,60,8,12,1
36,53,12,4,2
39,52,6,4,2
24,30,1,12,2
22,29,5,2,2
24,26,12,7,2
27,45,10,12,1
19,41,4,3,2
31,44,1,13,2
25,43,1,12,2
31,21,7,2,2
15,41,4,8,2
24,42,6,8,2
32,56,9,11,1
40,52,1,6,2
22,67,2,12,2
30,50,7,7,2
39,76,3,1,2
22,66,7,10,1
15,78,6,8,2
23,22,9,2,2
31,68,3,7,2
33,70,11,9,2
31,75,10,5,2
15,67,11,10,1
34,36,3,9,2
31,42,1,7,2
31,44,9,5,2
25,47,9,3,2
28,54,5,4,2
39,47,11,8,2
36,48,3,11,2
16,52,9,14,1
38,41,7,7,2
19,72,4,11,2
26,56,11,4,2
40,33,7,1,2
38,60,5,14,2
22,42,3,11,2
26,41,2,6,2
23,30,10,9,0
23,77,10,3,2
29,40,10,3,2
30,31,6,8,2
40,38,7,7,2
25,22,7,2,2
30,40,2,7,2
23,43,11,8,0
31,73,12,12,2
25,43,11,12,1
25,59,7,13,1
28,62,12,14,1
39,74,11,2,2
34,49,11,3,2
28,27,11,10,1
22,20,8,4,2
32,78,8,5,2
26,54,6,8,2
19,27,6,6,2
34,79,12,2,2
32,33,4,12,2
20,80,8,1,2
30,69,11,10,1
38,80,3,12,2
40,64,2,11,2
16,41,7,12,1
40,60,10,8,2
23,77,8,2,2
36,27,3,11,2
22,51,9,5,2
19,69,2,10,2
15,40,8,7,2
21,52,8,9,2
20,47,9,14,1
35,79,11,6,2
24,31,3,6,2
28,39,8,4,2
19,27,3,5,2
39,37,12,14,2
17,62,7,13,1
25,53,2,2,2
30,79,9,12,2
26,55,1,8,2
29,33,6,8,2
26,47,6,11,1
32,35,11,13,1
30,40,11,6,2
29,67,11,6,2
32,75,9,4,2
30,72,12,11,2
38,54,3,12,2
40,30,12,1,2
20,54,6,5,2
20,24,8,2,2
18,73,3,9,2
33,74,9,5,2
31,58,8,6,2
29,73,12,7,2
28,72,1,10,2
31,60,4,14,2
17,25,11,2,2
28,55,11,6,2
34,56,10,8,2
31,27,7,8,2
22,76,1,7,2
17,43,5,2,2
24,54,3,12,2
25,59,2,2,2
16,22,4,12,2
40,76,5,14,2
37,78,5,4,2
19,75,2,7,2
23,56,6,4,2
19,39,1,11,2
29,49,10,6,2
27,30,9,9,0
39,22,10,4,2
24,68,9,4,2
17,27,10,12,1
31,67,6,2,2
16,46,5,11,2
16,69,10,6,2
20,44,10,11,1
39,41,12,2,2
19,32,10,10,1
28,42,3,7,2
33,78,5,13,2
24,73,6,14,2
29,27,5,13,2
33,49,4,8,2
35,41,5,5,2
27,22,12,2,2
36,61,5,13,2
33,33,6,8,2
15,80,5,11,2
27,79,6,12,2
20,80,8,8,2
31,64,8,11,1
16,55,4,12,2
16,48,9,12,1
16,63,5,10,2
27,28,3,4,2
33,57,6,5,2
22,79,7,8,2
23,52,9,3,2
32,57,2,2,2
34,22,3,7,2
21,34,4,12,2
36,62,5,10,2
18,31,5,11,2
34,53,1,10,2
35,54,10,4,2
34,53,8,13,1
19,77,7,11,2
17,39,2,2,2
25,51,6,6,2
25,72,1,4,2
16,49,2,14,2
36,57,1,5,2
20,71,10,7,2
19,68,3,9,2
20,52,2,5,2
33,35,3,8,2
38,42,7,12,2
30,72,6,12,2
31,43,7,14,1
29,76,10,1,2
24,77,7,6,2
30,65,8,7,2
32,52,7,4,2
25,68,3,13,2
36,57,1,1,2
39,69,2,12,2
15,56,9,9,2
16,40,1,11,2
35,50,7,5,2
28,51,7,4,2
22,37,2,11,2
18,73,9,8,2
18,34,3,14,2
40,44,10,1,2
16,38,6,1,2
38,66,10,9,2
28,57,6,9,2
21,36,5,6,2
37,44,4,2,2
23,36,11,4,2
17,53,2,4,2
27,54,11,5,2
26,22,12,1,2
36,71,10,12,2
26,24,5,10,2
35,49,6,4,2
40,35,3,14,2
27,69,11,11,1
40,66,9,8,2
35,72,4,12,2
34,37,3,13,2
15,56,5,9,2
22,55,4,5,2
31,53,8,6,2
31,21,6,3,2
35,35,6,11,2
20,36,6,14,1
21,75,12,3,2
31,56,1,2,2
22,54,11,12,1
37,52,7,14,2
31,63,9,9,2
31,38,10,11,1
24,68,5,7,2
20,37,4,11,2
35,79,10,6,2
23,45,7,7,2
35,40,3,3,2
16,39,8,10,1
26,42,3,9,2
30,24,3,5,2
31,47,3,8,2
20,61,1,6,2
18,35,2,7,2
28,23,11,3,2
28,61,11,5,2
27,51,9,9,2
38,75,1,4,2
17,74,8,9,2
34,20,5,13,2
32,42,7,3,2
24,72,6,3,2
29,34,5,6,2
37,47,9,11,2
24,79,6,10,2
20,56,9,11,1
18,28,6,2,2
29,52,6,10,1
15,51,3,9,2
36,68,7,4,2
28,76,2,9,2
38,65,9,3,2
27,37,12,2,2
24,67,6,7,2
20,38,2,13,2
19,58,10,4,2
36,28,2,1,2
27,47,3,5,2
20,31,5,4,2
40,32,10,11,2
16,38,7,7,2
22,64,7,5,2
15,25,3,2,2
22,72,5,12,2
36,76,4,14,2
25,53,6,12,1
21,71,5,3,2
30,71,5,3,2
29,70,4,1,2
25,63,3,6,2
39,40,1,2,2
24,59,7,7,2
27,34,5,9,2
35,66,1,4,2
27,37,7,1,2
40,51,12,13,2
24,51,7,7,2
30,78,6,5,2
16,71,9,8,2
39,32,5,13,2
23,63,2,3,2
27,49,9,13,1
36,41,12,2,2
26,69,10,6,2
18,25,8,12,1
20,34,8,7,2
22,80,1,8,2
27,75,12,8,2
38,80,1,14,2
23,30,6,12,1
17,64,8,12,1
29,55,4,9,2
16,39,1,5,2
18,32,4,5,2
34,35,6,12,1
15,55,1,9,2
17,31,8,14,1
19,26,11,14,1
20,21,5,12,2
18,76,6,14,2
29,31,1,10,2
30,53,3,3,2
29,53,9,2,2
23,46,9,4,2
22,25,8,4,2
28,70,11,6,2
35,23,8,10,2
35,25,3,13,2
28,49,1,11,2
22,39,10,5,2
25,78,3,12,2
23,27,9,7,2
21,23,1,3,2
28,64,12,4,2
27,22,12,6,2
38,48,9,7,2
32,39,8,11,1
34,44,9,4,2
27,72,5,4,2
40,48,6,6,2
28,25,11,6,2
18,47,7,11,1
30,44,7,1,2
19,52,6,6,2
33,72,4,6,2
22,73,7,14,2
22,63,2,1,2
39,64,6,8,2
26,49,12,9,0
22,21,5,12,2
18,55,6,2,2
33,45,2,5,2
27,72,8,6,2
27,80,1,9,2
18,43,11,8,0
16,47,7,14,1
36,31,1,3,2
38,74,2,6,2
24,62,7,11,1
17,44,9,5,2
38,51,11,12,2
16,47,5,5,2
26,56,11,3,2
19,22,9,13,1
40,31,2,13,2
35,54,12,5,2
19,62,4,3,2
39,40,10,14,2
39,31,12,14,2
24,68,6,3,2
30,70,3,3,2
39,63,8,9,2
37,20,12,8,2
18,47,4,12,2
24,38,11,4,2
33,49,10,6,2
28,59,2,10,2
34,80,8,4,2
24,33,7,9,2
17,57,2,14,2
17,20,1,9,2
22,54,7,7,2
19,28,6,14,1
39,39,9,8,2
31,23,10,8,2
22,65,9,6,2
35,69,10,14,2
39,71,11,1,2
18,22,8,14,1
24,73,4,2,2
34,50,1,6,2
23,55,9,3,2
26,62,8,7,2
34,69,2,10,2
19,69,11,6,2
16,78,6,1,2
26,68,5,5,2
18,69,8,10,1
23,74,12,8,2
19,21,7,3,2
28,39,2,7,2
17,35,1,6,2
18,72,3,11,2
15,38,1,8,2
38,57,2,13,2
22,42,2,1,2
40,44,9,6,2
27,73,1,2,2
39,26,9,9,2
19,28,4,13,2
25,54,1,4,2
30,68,1,13,2
31,76,11,5,2
16,46,10,11,1
30,66,5,9,2
35,40,1,8,2
27,66,6,9,2
40,73,12,10,2
24,49,10,7,2
34,70,4,11,2
32,67,1,5,2
26,31,4,1,2
15,74,2,2,2
30,79,6,14,2
38,60,6,7,2
18,33,4,8,2
38,23,11,5,2
27,21,2,3,2
32,40,3,13,2
35,49,1,5,2
31,46,7,7,2
38,60,4,5,2
31,47,3,14,2
36,56,1,4,2
30,51,7,4,2
25,55,11,1,2
17,62,5,13,2
33,42,3,10,2
25,34,2,1,2
37,34,12,9,2
34,27,5,10,2
35,46,1,7,2
22,53,9,2,2
38,77,8,11,2
26,30,1,2,2
21,63,3,14,2
29,47,12,12,1
31,31,1,1,2
39,48,12,11,2
35,40,1,6,2
23,64,5,9,2
29,41,7,8,2
28,78,8,10,2
18,57,1,5,2
39,50,1,6,2
19,52,8,7,2
23,33,6,4,2
38,58,4,1,2
25,46,3,10,2
21,76,4,8,2
29,45,3,3,2
40,51,11,10,2
23,74,4,11,2
15,75,12,7,2
29,25,4,3,2
27,31,7,5,2
22,33,3,4,2
18,61,10,5,2
23,59,4,10,2
26,23,11,8,0
31,20,2,10,2
15,80,5,12,2
19,34,6,8,2
24,38,2,2,2
21,26,2,4,2
26,69,6,10,1
26,72,12,12,2
17,45,11,2,2
17,69,3,11,2
17,50,3,1,2
15,35,5,6,2
19,77,10,7,2
31,38,12,14,1
37,71,8,6,2
18,58,11,11,1
29,45,1,2,2
28,48,6,2,2
24,50,2,1,2
31,41,9,11,1
40,21,12,8,2
38,68,11,12,2
33,28,5,11,2
19,80,2,8,2
30,35,2,4,2
17,40,5,8,2
19,65,11,11,1
26,49,12,11,1
30,72,12,1,2
31,37,1,7,2
33,22,5,11,2
38,26,3,11,2
33,49,1,6,2
22,53,9,8,2
31,26,4,13,2
32,76,5,3,2
24,59,2,12,2
26,40,8,12,1
16,72,10,9,2
34,57,3,7,2
20,42,1,12,2
29,55,2,5,2
19,64,1,8,2
16,49,3,1,2
29,23,2,5,2
22,58,6,2,2
27,54,9,6,2
31,21,7,11,1
39,23,1,3,2
31,76,11,12,2
26,70,6,2,2
23,55,4,14,2
26,58,6,2,2
29,53,12,7,2
28,44,12,10,1
32,56,9,6,2
17,77,8,7,2
27,66,2,1,2
20,75,11,3,2
26,73,6,10,2
29,68,1,11,2
29,66,2,10,2
40,22,10,4,2
37,72,10,10,2
31,41,1,4,2
24,76,4,14,2
24,53,9,4,2
22,39,8,2,2
20,76,11,4,2
28,20,12,6,2
34,60,6,5,2
37,32,2,6,2
29,39,7,12,1
16,77,8,6,2
38,75,7,6,2
20,52,9,5,2
34,71,5,13,2
17,42,1,4,2
29,23,1,11,2
30,51,11,1,2
21,43,6,10,1
40,54,4,14,2
26,29,8,5,2
28,78,12,7,2
23,47,9,13,1
35,61,1,14,2
24,44,1,7,2
27,50,3,8,2
28,35,11,5,2
35,28,9,8,2
27,49,8,7,2
40,39,11,14,2
15,54,4,2,2
40,39,3,6,2
23,77,1,7,2
18,21,2,11,2
29,33,9,14,1
38,28,9,2,2
29,37,5,5,2
17,64,7,7,2
19,24,10,7,2
24,41,11,4,2
22,71,11,7,2
25,45,11,5,2
24,68,11,13,1
24,48,6,2,2
24,66,3,8,2
35,71,9,12,2
27,80,9,12,2
15,33,1,14,2
27,55,6,3,2
22,27,7,8,2
38,42,1,10,2
30,42,1,4,2
23,33,5,11,2
26,57,8,5,2
17,42,5,11,2
18,43,1,5,2
21,68,7,2,2
30,39,1,10,2
27,24,7,1,2
39,24,9,13,2
24,53,12,9,2
22,63,4,13,2
20,31,7,4,2
39,62,3,13,2
33,72,8,4,2
34,71,2,7,2
25,50,7,7,2
24,59,7,4,2
34,25,3,2,2
38,50,3,3,2
26,36,5,7,2
19,42,10,7,2
30,36,9,3,2
19,46,11,9,0
16,63,7,13,1
16,32,12,5,2
40,23,1,11,2
33,60,9,7,2
27,29,6,10,1
34,63,3,5,2
20,68,11,4,2
40,69,12,9,2
29,26,10,10,1
19,44,4,10,2
24,69,11,14,1
19,33,2,12,2
30,34,4,8,2
31,79,3,9,2
37,70,2,4,2
36,78,1,12,2
18,35,7,11,1
39,53,9,12,2
38,38,9,5,2
37,25,9,12,2
31,39,11,12,1
27,21,7,4,2
37,64,7,12,2
40,50,5,2,2
27,42,2,12,2
40,22,2,11,2
38,37,4,13,2
17,28,5,9,2
17,38,4,1,2
22,50,1,2,2
25,78,3,5,2
18,59,7,6,2
22,23,6,1,2
21,49,9,5,2
29,75,12,2,2
31,41,8,12,1
17,48,2,2,2
30,27,9,9,2
20,66,8,14,1
36,78,9,9,2
26,21,11,8,0
30,41,12,4,2
28,66,1,11,2
19,50,3,6,2
27,21,9,12,1
17,75,1,4,2
33,23,1,9,2
23,39,12,4,2
22,48,12,1,2
20,31,10,5,2
39,46,4,10,2
15,73,10,6,2
20,37,12,12,1
16,60,2,6,2
34,52,2,9,2
24,39,1,3,2
22,22,1,14,2
30,55,8,7,2
38,79,4,7,2
27,59,5,13,2
38,56,6,11,2
19,61,10,3,2
28,29,11,1,2
32,79,5,14,2
18,20,6,3,2
26,31,2,12,2
29,33,7,5,2
19,57,1,10,2
28,67,5,7,2
17,72,3,2,2
15,52,2,5,2
39,24,7,7,2
20,58,1,2,2
39,63,7,14,2
31,51,10,9,2
26,48,11,14,1
21,78,2,14,2
37,60,5,12,2
21,80,8,9,2
28,31,3,4,2
17,27,3,9,2
38,41,9,3,2
28,26,9,12,1
32,23,10,12,1
30,21,4,7,2
29,25,3,9,2
26,51,1,2,2
36,42,7,6,2
21,77,4,14,2
26,76,7,14,2
37,38,1,1,2
21,76,3,2,2
37,58,12,3,2
17,59,2,11,2
32,49,9,4,2
32,60,3,5,2
34,56,5,12,2
29,62,4,4,2
26,53,10,10,1
20,71,8,13,2
30,46,2,5,2
29,36,6,13,1
31,38,12,11,1
32,62,7,6,2
16,24,11,2,2
35,50,8,8,2
22,48,9,1,2
38,47,1,9,2
40,26,1,10,2
40,26,8,9,2
15,33,1,2,2
18,56,1,11,2
22,40,10,14,1
36,67,2,13,2
35,37,1,12,2
23,52,1,8,2
18,46,5,1,2
27,25,10,9,0
17,29,10,10,1
29,67,4,6,2
30,34,3,14,2
20,20,5,5,2
26,41,3,7,2
28,46,10,8,0
34,24,10,1,2
32,33,11,6,2
30,33,9,12,1
31,49,10,14,1
40,73,10,7,2
23,21,5,2,2
19,73,3,1,2
25,34,2,3,2
38,73,5,8,2
19,56,10,11,1
15,55,1,10,2
16,30,7,1,2
40,48,12,8,2
34,53,4,5,2
25,46,7,11,1
25,24,5,3,2
18,72,3,10,2
27,34,11,2,2
33,25,3,2,2
22,28,6,14,1
18,49,8,8,0
35,51,4,11,2
36,64,12,3,2
22,23,1,11,2
31,56,3,12,2
17,22,10,1,2
33,52,9,13,1
28,49,1,4,2
32,63,12,9,2
15,36,8,4,2
15,28,6,11,1
28,50,5,9,2
27,22,1,10,2
23,24,11,9,0
39,73,8,7,2
24,20,8,11,1
22,29,9,14,1
35,47,3,2,2
21,59,9,2,2
33,45,4,10,2
40,56,7,13,2
26,25,1,8,2
25,70,3,6,2
39,79,11,7,2
15,78,5,10,2
25,40,8,14,1
25,69,2,8,2
31,36,12,5,2
30,74,11,10,2
33,20,12,12,1
23,71,9,2,2
21,34,8,3,2
16,79,3,1,2
22,46,5,1,2
20,30,3,10,2
21,62,9,10,1
27,66,3,8,2
38,37,2,2,2
34,39,4,3,2
30,74,8,1,2
22,50,8,4,2
40,74,7,2,2
16,78,1,4,2
16,42,11,9,0
30,29,8,6,2
20,64,5,14,2
40,77,4,9,2
35,31,9,9,2
16,63,5,9,2
28,38,9,5,2
32,65,11,7,2
36,21,10,10,2
19,39,7,5,2
22,48,11,5,2
25,74,5,6,2
39,54,10,5,2
24,28,1,4,2
22,71,10,5,2
22,65,5,11,2
15,45,7,4,2
26,62,5,5,2
25,22,4,7,2
15,35,1,6,2
24,53,6,6,2
36,29,9,3,2
34,72,8,7,2
30,28,12,5,2
40,48,5,13,2
24,77,9,4,2
32,30,10,10,1
25,29,10,9,0
25,74,1,10,2
35,44,10,8,2
35,34,7,7,2
19,33,11,5,2
15,79,4,2,2
32,48,1,13,2
38,75,4,11,2
19,31,12,13,1
36,31,7,14,2
18,32,5,5,2
30,64,3,10,2
35,28,9,7,2
38,58,12,8,2
23,42,1,10,2
31,69,4,7,2
38,55,12,8,2
30,67,5,11,2
30,50,2,3,2
25,41,3,13,2
37,20,10,13,2
18,57,4,10,2
25,63,11,11,1
24,63,1,7,2
24,39,12,14,1
17,54,3,1,2
36,21,6,2,2
18,25,10,2,2
34,56,7,8,2
30,64,7,13,1
32,22,2,11,2
29,27,4,7,2
29,56,10,5,2
25,60,6,12,1
27,32,2,10,2
19,73,7,6,2
31,27,4,3,2
19,45,10,4,2
18,34,5,10,2
18,36,4,2,2
34,45,11,14,1
27,66,5,11,2
35,72,6,7,2
32,60,4,11,2
32,36,10,8,2
27,80,6,14,2
25,80,4,9,2
29,56,8,5,2
36,70,12,6,2
16,70,12,13,2
38,20,12,10,2
22,23,11,13,1
19,52,6,12,1
22,39,3,12,2
37,47,4,5,2
22,29,9,10,1
36,31,3,12,2
32,32,7,2,2
22,48,4,5,2
25,49,12,11,1
15,36,5,11,2
19,59,11,6,2
31,26,2,13,2
15,28,12,9,0
26,76,2,13,2
17,47,3,8,2
24,45,11,11,1
23,21,9,6,2
40,38,1,8,2
39,42,1,11,2
17,44,11,11,1
20,38,3,10,2
24,39,8,6,2
23,32,3,7,2
20,27,8,10,1
22,49,7,12,1
36,62,1,8,2
33,56,9,5,2
33,46,10,6,2
38,57,8,7,2
34,54,7,8,2
36,24,9,6,2
33,26,12,13,1
23,72,1,11,2
28,49,9,4,2
22,60,9,14,1
23,55,2,3,2
23,47,2,9,2
26,22,5,8,2
32,31,2,8,2
34,34,2,3,2
40,50,9,2,2
23,29,11,1,2
40,36,5,6,2
26,26,7,1,2
38,34,8,5,2
15,50,7,6,2
22,57,3,9,2
35,32,5,4,2
40,29,3,9,2
21,70,12,9,2
30,27,3,13,2
16,34,10,11,1
31,33,9,9,2
39,65,4,7,2
20,34,11,10,1
17,53,10,13,1
15,71,10,12,2
23,35,9,10,1
23,26,3,14,2
23,71,1,12,2
24,45,10,9,0
25,38,1,6,2
16,28,5,5,2
21,60,8,13,1
25,21,6,6,2
38,40,11,11,2
29,74,2,14,2
22,42,10,9,0
38,37,4,7,2
24,52,1,1,2
31,32,3,5,2
37,53,2,4,2
29,48,2,13,2
35,32,7,8,2
26,70,7,4,2
20,46,7,5,2
26,75,7,2,2
15,66,5,12,2
40,29,8,14,2
32,55,6,14,1
20,61,6,8,2
27,37,6,4,2
27,76,9,10,2
30,58,3,9,2
30,66,9,7,2
30,59,9,8,2
22,47,8,5,2
38,30,12,8,2
22,24,12,6,2
17,32,9,2,2
17,70,9,5,2
35,65,6,12,2
39,76,12,5,2
40,31,3,11,2
29,42,9,13,1
36,60,8,4,2
15,26,11,12,1
26,38,4,7,2
24,77,12,2,2
34,65,8,5,2
37,74,5,13,2
33,64,4,10,2
26,53,12,2,2
35,48,12,13,2
34,32,6,14,1
36,22,6,3,2
26,38,8,1,2
18,45,7,9,2
33,44,10,1,2
26,27,7,10,1
19,57,9,5,2
21,63,10,8,2
25,49,1,6,2
35,26,7,14,2
28,26,7,14,1
34,39,6,13,1
34,32,9,13,1
27,47,9,11,1
31,36,6,10,1
25,77,7,5,2
19,24,1,9,2
21,30,6,7,2
37,76,2,4,2
33,28,1,10,2
18,65,11,6,2
24,77,1,6,2
28,37,3,5,2
16,38,4,14,2
20,77,10,8,2
23,45,2,4,2
19,78,9,11,2
37,55,1,6,2
23,23,4,4,2
31,75,4,6,2
16,50,2,10,2
15,47,6,11,1
25,40,7,5,2
27,65,8,14,1
34,32,9,4,2
28,80,3,6,2
29,65,10,5,2
33,52,1,9,2
27,45,6,7,2
31,48,10,13,1
17,70,7,12,2
28,55,1,12,2
35,22,1,2,2
28,28,3,4,2
23,70,8,5,2
21,72,10,12,2
24,68,10,4,2
25,49,10,2,2
18,41,3,3,2
37,54,9,8,2
25,77,10,7,2
30,64,10,2,2
34,43,3,10,2
21,61,12,4,2
23,54,8,9,2
17,30,11,4,2
29,31,2,12,2
36,28,7,1,2
33,72,12,5,2
21,71,1,12,2
16,32,8,14,1
21,49,6,6,2
15,34,9,8,0
28,39,6,10,1
37,37,1,3,2
27,27,2,13,2
33,38,5,10,2
30,46,10,14,1
27,22,12,5,2
17,21,5,13,2
36,32,6,8,2
36,41,1,3,2
30,55,7,1,2
30,63,6,2,2
39,33,8,8,2
22,28,9,9,0
40,35,7,13,2
39,70,12,8,2
38,45,9,13,2
39,53,3,2,2
26,57,10,5,2
35,33,7,10,2
21,46,9,9,0
21,49,7,8,2
19,71,5,6,2
24,69,1,11,2
18,20,7,8,2
15,35,5,4,2
16,69,3,14,2
19,29,10,1,2
37,42,10,10,2
24,59,1,7,2
25,30,7,4,2
19,78,5,6,2
16,44,1,7,2
34,61,3,8,2
22,60,12,11,1
20,69,2,5,2
33,29,8,11,1
30,28,11,4,2
17,54,6,8,2
30,72,11,13,2
34,22,1,10,2
24,57,11,7,2
22,54,11,11,1
25,49,11,7,2
30,25,8,9,2
36,31,10,14,2
34,26,9,13,1
38,55,3,2,2
23,30,9,11,1
18,55,2,13,2
19,37,9,1,2
30,23,11,5,2
17,39,4,9,2
28,68,1,13,2
28,42,12,11,1
25,27,4,8,2
26,54,6,12,1
16,26,1,1,2
17,48,8,13,1
27,37,8,9,0
16,76,8,14,2
16,45,11,3,2
18,60,9,10,1
35,63,7,14,2
15,20,12,6,2
35,57,12,12,2
29,55,2,11,2
37,66,1,10,2
19,33,4,13,2
35,51,5,8,2
24,22,2,14,2
29,73,9,4,2
37,65,2,9,2
15,30,6,4,2
26,69,2,14,2
33,25,4,11,2
29,71,7,11,2
36,35,2,14,2
33,66,9,3,2
18,23,10,5,2
22,41,6,4,2
21,75,2,7,2
40,64,2,12,2
39,38,12,14,2
21,63,9,10,1
16,35,2,10,2
28,44,9,10,1
22,79,3,10,2
16,26,10,3,2
38,22,2,13,2
22,76,1,5,2
33,71,12,14,2
24,36,5,1,2
40,37,7,13,2
32,58,12,7,2
37,49,4,13,2
21,64,1,10,2
34,71,10,12,2
17,59,3,8,2
15,73,7,1,2
19,33,8,5,2
21,76,7,4,2
20,45,12,4,2
24,51,11,6,2
37,40,12,7,2
39,42,1,10,2
15,66,3,12,2
23,56,7,6,2
31,65,1,10,2
25,38,4,11,2
38,42,3,5,2
24,68,9,11,1
33,30,1,8,2
36,48,4,13,2
29,21,9,12,1
26,57,8,5,2
40,33,8,11,2
18,38,2,10,2
28,24,7,3,2
28,75,1,3,2
35,57,4,9,2
16,35,3,2,2
30,38,9,3,2
17,60,6,6,2
26,58,1,8,2
32,66,7,4,2
34,63,8,13,1
31,61,6,10,1
36,21,11,5,2
26,79,7,12,2
24,67,3,8,2
15,23,1,2,2
39,56,2,12,2
33,74,8,5,2
26,41,7,1,2
26,51,10,7,2
17,29,11,4,2
40,41,7,14,2
34,51,1,3,2
36,53,5,11,2
25,77,11,5,2
34,29,9,8,2
25,45,8,4,2
34,50,2,12,2
34,29,12,12,1
20,53,3,9,2
21,39,6,5,2
22,73,6,12,2
23,59,6,8,2
29,23,4,3,2
23,68,3,12,2
25,80,11,11,2
17,74,3,9,2
18,43,4,6,2
35,55,10,8,2
24,61,3,1,2
23,24,6,10,1
31,28,12,9,2
22,56,6,3,2
38,27,9,3,2
18,24,6,10,1
36,28,2,1,2
19,67,4,11,2
24,69,10,12,1
37,51,2,7,2
16,48,11,5,2
40,63,2,13,2
33,41,8,14,1
38,78,6,8,2
29,32,1,8,2
17,51,12,4,2
18,33,9,14,1
32,63,9,1,2
18,72,8,12,2
35,78,1,6,2
39,32,9,14,2
16,49,3,12,2
16,64,1,14,2
19,64,9,7,2
29,54,7,12,1
33,35,3,5,2
37,45,8,6,2
24,33,10,7,2
38,29,10,5,2
17,51,3,14,2
17,41,6,3,2
31,48,8,11,1
38,75,9,2,2
20,26,10,4,2
24,41,4,4,2
22,69,4,5,2
35,58,9,14,2
38,24,4,1,2
26,24,8,4,2
15,59,10,5,2
29,70,11,7,2
35,46,9,12,2
19,44,2,6,2
29,53,1,12,2
35,50,2,3,2
19,38,3,4,2
37,25,7,12,2
37,54,9,14,2
26,72,6,12,2
19,44,11,9,0
27,28,8,8,0
39,70,3,6,2
21,60,5,4,2
37,57,6,4,2
18,23,9,5,2
31,77,8,2,2
30,71,9,10,2
21,59,2,10,2
24,69,3,3,2
25,54,2,1,2
40,57,5,14,2
32,38,4,1,2
32,63,8,5,2
21,30,9,12,1
22,45,5,4,2
30,30,6,5,2
24,61,9,5,2
25,78,1,2,2
38,68,1,5,2
25,55,6,7,2
19,54,8,10,1
40,70,7,8,2
35,80,8,7,2
38,58,9,8,2
22,62,7,8,2
26,46,12,3,2
16,67,1,3,2
23,66,7,13,1
40,72,4,5,2
35,43,6,4,2
37,43,8,1,2
27,47,4,7,2
36,47,6,8,2
22,70,9,11,2
34,68,2,3,2
21,53,5,6,2
34,34,6,8,2
24,30,10,8,0
27,32,7,9,2
34,57,1,4,2
29,58,6,13,1
20,59,11,6,2
35,65,3,4,2
20,52,8,13,1
20,67,12,6,2
22,62,12,13,1
31,50,1,1,2
35,33,7,14,2
20,49,12,4,2
15,73,12,14,2
38,37,12,5,2
36,68,5,9,2
29,31,11,13,1
33,67,8,8,2
26,63,12,1,2
32,58,2,4,2
16,25,3,9,2
37,30,5,8,2
32,32,1,2,2
32,36,9,11,1
26,38,4,2,2
17,35,7,14,1
34,57,12,9,2
20,71,9,8,2
15,34,1,6,2
19,41,1,10,2
16,26,6,2,2
32,61,8,9,2
24,67,6,2,2
32,76,3,8,2
35,34,7,5,2
22,46,4,12,2
23,80,1,7,2
35,63,7,8,2
34,80,2,13,2
25,45,8,1,2
21,72,4,3,2
17,59,4,8,2
20,59,6,5,2
16,55,10,12,1
21,31,8,4,2
31,37,11,13,1
22,34,7,4,2
29,75,9,10,2
15,40,6,5,2
29,76,4,3,2
34,57,2,2,2
15,50,5,2,2
18,55,8,8,2
38,60,6,6,2
19,61,11,14,1
26,46,7,1,2
29,33,2,9,2
16,75,11,11,2
21,30,8,4,2
35,73,10,7,2
37,80,4,1,2
29,61,3,1,2
29,76,1,4,2
40,73,1,3,2
22,80,5,11,2
25,73,6,9,2
36,48,12,3,2
22,66,6,6,2
22,33,2,1,2
17,20,6,9,2
25,23,3,11,2
31,37,2,9,2
23,65,5,12,2
23,40,10,3,2
19,66,12,11,1
40,53,10,6,2
17,53,1,12,2
22,49,6,5,2
19,27,7,11,1
28,77,12,13,2
21,23,11,10,1
16,43,4,10,2
37,47,2,9,2
38,46,4,14,2
34,52,5,11,2
36,64,2,6,2
32,30,8,9,2
27,60,4,13,2
30,77,7,3,2
35,67,11,3,2
26,73,9,11,2
15,25,5,5,2
16,66,1,4,2
22,56,7,13,1
28,80,4,10,2
36,57,3,6,2
15,38,11,12,1
25,69,10,5,2
28,71,1,8,2
24,77,1,6,2
23,27,4,12,2
15,38,2,11,2
24,50,9,14,1
28,31,3,3,2
34,30,9,8,2
37,35,4,13,2
31,53,3,13,2
26,46,5,1,2
33,44,10,11,1
21,78,10,1,2
17,78,11,13,2
28,59,12,14,1
20,42,3,7,2
28,48,12,14,1
33,40,3,10,2
19,76,10,8,2
20,78,12,3,2
38,27,4,13,2
39,78,7,8,2
15,33,3,10,2
28,37,11,5,2
15,47,7,3,2
16,48,5,4,2
18,76,9,9,2
19,45,5,14,2
29,62,3,13,2
36,59,12,11,2
32,42,7,3,2
33,37,5,3,2
27,73,8,8,2
15,29,8,13,1
26,39,1,2,2
35,37,7,10,2
21,44,3,8,2
25,65,11,3,2
40,54,1,8,2
37,31,9,7,2
24,55,10,12,1
32,65,10,4,2
30,75,1,4,2
39,37,10,1,2
24,30,8,12,1
24,23,12,6,2
38,41,1,2,2
36,43,2,14,2
34,75,9,8,2
25,77,8,3,2
36,49,10,11,2
30,72,12,13,2
34,47,2,11,2
25,57,2,2,2
22,69,10,4,2
33,54,8,11,1
24,78,7,3,2
37,71,8,2,2
40,57,1,1,2
31,59,9,11,1
28,31,10,2,2
32,65,6,12,1
33,23,7,5,2
32,34,3,12,2
20,48,9,7,2
39,41,9,4,2
20,33,12,4,2
16,38,9,11,1
17,74,6,6,2
37,76,4,10,2
25,36,3,11,2
31,20,6,13,1
16,31,3,6,2
39,69,10,7,2
33,43,12,7,2
30,43,6,13,1
21,55,8,14,1
18,59,3,1,2
31,28,4,3,2
37,56,10,5,2
29,69,6,9,2
31,35,6,10,1
40,52,6,13,2
31,55,6,8,2
15,51,7,6,2
25,38,6,7,2
23,27,4,8,2
21,44,3,9,2
31,51,4,8,2
35,34,6,1,2
18,48,11,8,0
33,79,7,4,2
24,20,2,10,2
19,77,11,9,2
22,79,9,13,2
33,40,10,11,1
36,59,3,9,2
34,21,5,7,2
40,37,6,11,2
21,78,4,9,2
21,36,8,5,2
26,22,4,3,2
15,44,12,9,0
24,29,1,14,2
26,26,3,13,2
33,71,4,9,2
21,55,10,11,1
38,51,11,13,2
34,68,3,2,2
26,72,4,1,2
31,53,11,9,2
37,70,9,13,2
32,71,4,2,2
23,39,7,12,1
30,72,2,2,2
19,24,3,13,2
34,70,7,3,2
29,64,10,7,2
26,32,4,10,2
30,65,2,11,2
33,51,4,10,2
25,42,6,2,2
22,50,10,2,2
25,35,4,3,2
37,71,7,14,2
21,42,11,3,2
36,27,10,12,2
30,68,7,5,2
29,52,3,1,2
15,50,9,6,2
33,50,7,11,1
19,78,5,6,2
16,37,3,10,2
15,23,2,2,2
22,79,2,2,2
39,62,1,6,2
27,38,5,1,2
33,63,8,8,2
17,57,6,1,2
18,75,2,9,2
18,45,8,11,1
17,73,2,12,2
35,61,5,12,2
19,22,10,3,2
38,60,10,11,2
39,20,10,14,2
29,21,7,11,1
18,55,11,9,2
21,23,5,8,2
28,34,11,14,1
25,40,5,4,2
25,53,6,7,2
29,75,9,2,2
38,75,3,5,2
37,40,6,13,2
33,65,8,13,1
19,67,5,10,2
19,37,9,3,2
21,63,9,9,2
36,60,12,13,2
34,65,8,9,2
25,60,4,12,2
26,48,4,8,2
30,41,9,11,1
33,35,7,12,1
16,46,8,6,2
36,60,1,12,2
39,36,6,14,2
21,50,11,1,2
40,36,1,3,2
29,54,7,11,1
35,42,6,2,2
23,42,2,8,2
40,27,9,5,2
34,29,8,8,2
34,20,11,2,2
34,41,2,6,2
21,37,5,5,2
35,53,2,12,2
28,53,6,5,2
27,24,8,2,2
37,58,5,2,2
32,41,10,2,2
21,24,11,10,1
24,64,8,4,2
22,33,11,6,2
27,44,8,14,1
27,77,6,6,2
35,41,2,13,2
34,49,6,1,2
31,25,4,3,2
31,34,4,1,2
30,59,11,2,2
19,35,5,6,2
30,70,1,7,2
20,77,3,4,2
20,77,7,1,2
20,27,10,8,0
30,44,2,1,2
18,46,7,13,1
19,78,4,9,2
30,61,12,9,2
21,36,11,4,2
26,47,10,2,2
38,56,5,10,2
15,68,6,4,2
24,62,11,7,2
18,72,4,7,2
31,27,5,8,2
28,58,2,12,2
26,32,10,3,2
17,63,8,8,2
32,59,10,3,2
36,37,11,1,2
27,77,10,4,2
38,34,3,11,2
28,35,5,3,2
16,35,10,2,2
38,54,5,3,2
27,70,7,12,2
21,66,8,12,1
24,48,5,2,2
24,24,6,13,1
32,78,8,9,2
32,75,5,2,2
36,78,7,10,2
24,33,6,13,1
39,32,8,6,2
31,23,7,1,2
23,74,4,11,2
31,45,7,7,2
34,25,8,5,2
38,50,7,10,2
37,67,4,5,2
26,30,3,13,2
26,59,6,8,2
17,72,11,14,2
17,74,5,13,2
27,41,12,6,2
16,63,3,7,2
37,37,9,12,2
17,50,2,6,2
34,70,5,8,2
40,68,8,8,2
18,75,2,7,2
25,67,1,4,2
24,33,11,7,2
26,61,11,5,2
20,22,8,8,0
20,46,6,8,2
32,61,12,7,2
35,21,10,6,2
16,67,4,10,2
28,55,6,3,2
37,77,12,14,2
23,34,3,1,2
30,27,7,9,2
24,41,2,12,2
18,38,6,12,1
26,27,5,11,2
26,21,2,10,2
38,72,10,7,2
37,67,3,8,2
18,43,5,9,2
18,77,5,8,2
21,80,8,9,2
23,54,5,3,2
28,23,10,14,1
23,63,3,14,2
22,72,5,9,2
35,28,5,3,2
33,28,2,12,2
34,56,12,10,1
18,72,9,9,2
24,22,4,8,2
27,73,12,8,2
40,58,11,14,2
15,62,2,9,2
34,51,4,14,2
32,43,6,12,1
23,52,2,3,2
16,55,2,7,2
21,52,6,2,2
21,31,11,5,2
35,60,3,5,2
33,37,12,10,1
32,50,8,1,2
19,80,2,3,2
21,36,12,2,2
24,59,7,13,1
28,34,11,10,1
25,23,8,4,2
34,67,7,3,2
39,43,5,13,2
30,56,5,3,2
38,45,12,2,2
24,35,10,12,1
37,46,4,7,2
39,56,7,13,2
40,57,9,11,2
39,72,9,9,2
32,23,6,8,2
30,78,11,8,2
24,53,12,4,2
21,79,8,4,2
23,24,4,1,2
15,35,11,7,2
20,58,12,4,2
29,75,5,5,2
17,53,6,1,2
19,45,1,9,2
37,29,5,9,2
33,44,3,13,2
15,33,11,8,0
26,23,6,7,2
27,34,11,14,1
30,61,12,11,1
21,66,10,6,2
20,63,12,5,2
31,65,1,3,2
37,42,6,14,2
32,53,4,2,2
26,47,10,5,2
40,59,2,6,2
36,34,11,14,2
32,65,3,1,2
38,72,4,4,2
20,72,12,6,2
26,46,5,3,2
27,37,2,10,2
20,27,3,12,2
15,55,6,14,1
27,24,9,6,2
30,64,1,4,2
15,48,11,10,1
35,80,7,11,2
27,31,6,12,1
33,26,6,12,1
15,68,6,13,1
39,63,2,4,2
32,61,9,14,1
15,22,5,13,2
20,61,7,10,1
20,51,8,3,2
24,35,12,11,1
16,32,3,3,2
23,67,4,12,2
31,41,7,4,2
31,80,2,12,2
26,77,9,11,2
18,55,8,4,2
19,64,11,14,1
19,50,5,6,2
20,36,4,4,2
32,58,1,14,2
25,63,12,11,1
39,59,12,12,2
30,27,1,8,2
19,63,8,10,1
37,71,3,11,2
27,41,10,12,1
40,80,11,2,2
37,28,10,13,2
35,30,5,1,2
34,78,6,5,2
23,57,6,12,1
24,69,10,13,1
19,31,5,9,2
36,23,6,3,2
32,78,1,7,2
22,61,6,4,2
39,65,6,11,2
22,78,2,4,2
30,29,1,4,2
28,43,8,12,1
16,60,8,11,1
24,80,8,13,2
23,20,4,8,2
20,42,8,8,0
15,78,10,11,2
32,62,3,11,2
23,32,4,9,2
21,31,10,13,1
22,32,7,14,1
27,45,8,8,0
31,72,6,8,2
29,51,5,7,2
20,63,8,2,2
28,63,12,13,1
35,33,6,7,2
23,33,7,13,1
20,70,9,10,2
33,76,5,2,2
27,40,4,9,2
36,28,7,8,2
33,67,9,12,1
38,62,9,5,2
16,79,3,7,2
39,55,5,7,2
40,73,5,5,2
25,74,10,6,2
20,50,8,10,1
40,38,2,4,2
24,31,3,6,2
22,25,4,5,2
29,29,11,13,1
29,47,2,9,2
31,29,10,13,1
30,30,8,6,2
21,38,5,7,2
34,63,10,3,2
19,56,1,3,2
15,33,4,2,2
32,76,9,4,2
29,51,2,5,2
20,80,1,10,2
30,66,8,12,1
26,61,9,7,2
38,56,11,5,2
31,60,4,13,2
40,50,3,10,2
36,41,11,8,2
29,31,5,3,2
26,37,2,10,2
34,35,9,12,1
36,53,3,2,2
29,32,6,8,2
35,77,8,3,2
40,44,3,3,2
24,67,7,4,2
24,59,12,10,1
25,20,10,8,0
26,65,7,4,2
19,58,7,4,2
31,79,5,7,2
27,74,1,5,2
19,79,8,10,2
40,50,3,5,2
37,67,2,1,2
34,23,12,3,2
29,26,9,12,1
19,69,1,7,2
17,41,11,13,1
16,59,3,9,2
37,74,11,2,2
37,48,12,5,2
32,80,7,4,2
15,54,6,2,2
30,29,3,6,2
34,20,8,14,1
15,29,2,7,2
18,76,6,8,2
19,53,7,5,2
29,25,2,8,2
22,58,8,9,2
24,50,12,14,1
27,33,1,10,2
27,77,3,12,2
21,62,5,2,2
34,78,2,10,2
36,55,3,10,2
37,80,3,5,2
15,67,11,14,1
38,52,12,13,2
16,36,1,13,2
17,25,12,4,2
32,44,7,5,2
18,38,11,14,1
15,43,12,10,1
31,58,3,1,2
23,24,12,12,1
21,21,10,3,2
15,24,2,3,2
20,74,6,7,2
35,72,11,5,2
21,47,1,2,2
21,45,6,13,1
33,75,10,6,2
31,20,4,3,2
25,22,1,10,2
21,69,8,11,1
34,45,12,12,1
33,66,8,14,1
30,77,4,5,2
32,38,10,14,1
33,30,5,6,2
25,51,2,7,2
27,34,1,1,2
18,67,10,5,2
35,72,9,14,2
16,38,9,6,2
28,80,3,10,2
35,38,1,9,2
27,50,11,14,1
40,65,3,6,2
15,80,11,3,2
40,67,3,1,2
19,35,10,1,2
38,39,11,9,2
19,71,12,1,2
25,24,4,13,2
34,56,3,10,2
15,30,3,14,2
16,58,7,10,1
34,70,3,7,2
22,62,5,2,2
24,55,3,4,2
16,32,8,2,2
34,66,8,8,2
20,41,10,1,2
26,72,4,5,2
26,46,3,11,2
29,71,10,2,2
29,57,6,14,1
23,39,4,9,2
35,52,3,1,2
33,71,7,12,2
28,69,11,12,1
17,49,7,2,2
21,40,9,14,1
24,71,10,10,2
23,64,6,2,2
20,76,11,9,2
18,69,4,8,2
18,29,6,1,2
32,80,7,8,2
37,20,1,7,2
39,72,8,10,2
16,47,9,14,1
24,31,8,12,1
32,80,4,6,2
17,37,5,5,2
19,53,11,5,2
31,25,5,8,2
19,50,6,12,1
38,58,4,12,2
34,44,1,14,2
36,59,2,11,2
18,55,9,3,2
18,36,7,13,1
16,22,4,6,2
26,75,8,7,2
22,60,3,3,2
17,47,3,10,2
24,58,12,7,2
15,46,6,6,2
19,41,7,9,2
40,27,7,6,2
40,61,6,12,2
28,27,5,5,2
27,57,12,4,2
40,80,11,2,2
27,26,10,8,0
39,64,10,3,2
31,71,12,9,2
31,31,10,2,2
37,29,9,11,2
19,45,5,5,2
24,64,1,5,2
19,45,4,3,2
24,20,10,5,2
40,29,4,12,2
24,23,4,6,2
40,44,3,13,2
39,28,12,14,2
38,22,4,7,2
36,44,2,5,2
29,30,3,2,2
15,27,12,10,1
35,56,12,8,2
15,73,11,6,2
36,56,2,10,2
19,61,9,10,1
17,23,12,10,1
27,48,9,1,2
24,38,12,13,1
17,72,12,9,2
15,26,9,6,2
22,24,3,8,2
26,52,9,6,2
31,79,9,12,2
32,80,3,7,2
30,60,10,10,1
19,63,1,11,2
37,53,4,1,2
27,54,11,6,2
39,74,2,7,2
35,57,7,13,2
22,50,11,1,2
25,74,7,3,2
35,57,11,7,2
16,80,9,10,2
25,68,9,5,2
15,48,8,12,1
17,40,3,6,2
19,42,1,13,2
24,32,7,7,2
27,57,4,3,2
26,74,11,3,2
39,50,10,7,2
23,64,6,7,2
25,33,10,6,2
33,73,4,6,2
20,50,7,10,1
24,62,11,7,2
21,24,1,2,2
20,47,9,8,0
17,76,7,4,2
16,67,1,6,2
37,76,8,7,2
38,54,5,13,2
20,60,6,12,1
26,72,3,10,2
17,23,3,3,2
19,28,5,9,2
26,36,10,10,1
17,52,5,3,2
28,30,4,3,2
16,71,8,5,2
37,31,3,13,2
21,25,3,11,2
38,68,1,10,2
35,43,8,2,2
36,75,12,5,2
15,73,10,1,2
32,40,2,13,2
38,38,8,4,2
16,38,3,2,2
23,61,6,8,2
36,27,8,7,2
33,69,2,6,2
19,73,4,14,2
39,53,8,13,2
34,75,4,2,2
20,25,1,6,2
38,28,6,9,2
15,25,6,10,1
21,33,5,2,2
29,52,1,13,2
29,71,3,8,2
17,41,8,10,1
34,72,6,12,2
20,23,7,14,1
25,73,4,6,2
29,73,6,4,2
20,56,5,11,2
23,23,7,4,2
37,42,5,4,2
30,77,3,13,2
23,46,6,5,2
20,41,6,1,2
36,38,3,11,2
22,25,12,12,1
21,44,1,12,2
25,66,7,2,2
18,32,4,6,2
29,32,3,12,2
36,27,12,2,2
23,47,8,14,1
25,77,12,1,2
38,38,8,8,2
33,32,2,1,2
40,33,7,7,2
34,69,1,3,2
24,56,6,14,1
35,63,2,9,2
36,66,12,7,2
30,79,9,4,2
20,35,3,14,2
29,73,7,12,2
17,79,6,10,2
15,36,12,7,2
36,60,11,5,2
16,25,12,6,2
26,64,10,5,2
20,44,12,9,0
18,74,11,8,2
21,71,12,9,2
19,49,2,14,2
18,77,8,11,2
16,26,9,3,2
37,58,11,13,2
31,68,11,7,2
28,33,2,1,2
39,30,12,10,2
38,22,9,5,2
39,48,3,2,2
27,70,8,4,2
26,77,4,4,2
25,35,2,11,2
24,26,2,13,2
19,25,10,9,0
38,78,5,10,2
30,44,4,5,2
20,64,8,9,2
21,36,12,4,2
25,42,9,14,1
23,54,12,4,2
25,21,6,11,1
29,46,5,7,2
36,75,7,13,2
19,31,1,13,2
30,79,11,1,2
35,65,4,4,2
17,53,11,1,2
37,62,2,1,2
35,53,9,14,2
35,43,8,4,2
25,65,2,11,2
27,49,6,3,2
20,43,11,2,2
21,35,3,2,2
15,67,7,2,2
31,26,7,14,1
26,28,3,8,2
17,49,9,9,0
33,75,5,6,2
22,74,8,9,2
31,71,11,3,2
27,26,10,7,2
19,61,3,8,2
21,48,9,2,2
22,58,10,9,2
15,75,3,9,2
38,20,12,8,2
38,25,4,8,2
15,73,9,11,2
36,46,10,8,2
32,50,11,11,1
15,69,5,3,2
35,42,1,10,2
15,35,12,1,2
30,71,3,1,2
19,63,8,11,1
35,47,8,3,2
19,53,12,6,2
35,41,10,6,2
30,47,7,8,2
26,64,2,4,2
19,59,12,9,2
25,45,6,7,2
40,31,9,10,2
38,20,7,12,2
19,58,3,5,2
27,28,12,8,0
28,75,7,11,2
23,38,7,5,2
39,70,9,2,2
23,55,9,12,1
18,52,2,13,2
17,78,5,4,2
16,62,12,11,1
32,65,5,5,2
17,74,9,11,2
25,50,2,13,2
25,27,1,14,2
21,50,3,13,2
40,59,1,7,2
18,77,11,7,2
26,46,7,2,2
15,45,6,14,1
31,50,10,5,2
23,48,12,14,1
17,71,4,2,2
25,32,9,1,2
35,26,9,8,2
36,36,12,4,2
35,66,11,10,2
40,41,9,9,2
17,25,3,5,2
18,43,3,11,2
22,70,4,1,2
39,70,2,14,2
26,65,11,10,1
39,57,1,1,2
24,31,4,1,2
20,31,4,11,2
19,72,6,4,2
18,27,3,3,2
15,44,9,10,1
35,67,10,8,2
26,76,7,2,2
25,22,2,8,2
33,80,10,8,2
16,35,8,7,2
23,64,3,5,2
36,66,7,12,2
31,59,1,8,2
40,34,7,11,2
17,24,9,6,2
20,29,5,3,2
38,23,7,6,2
20,71,6,8,2
22,71,12,11,2
38,49,6,5,2
15,38,9,10,1
37,44,2,2,2
40,24,3,10,2
25,73,3,10,2
38,47,2,4,2
23,57,2,2,2
33,47,5,7,2
23,75,11,2,2
19,52,6,13,1
24,69,4,11,2
27,49,12,6,2
33,26,12,14,1
22,57,8,7,2
28,32,3,3,2
19,72,1,8,2
39,62,11,2,2
39,52,12,8,2
35,33,3,1,2
18,31,6,2,2
33,80,9,3,2
24,26,7,11,1
29,69,11,6,2
33,37,2,10,2
27,50,2,8,2
18,28,12,8,0
26,75,1,9,2
27,37,10,11,1
24,28,4,12,2
40,36,12,2,2
27,63,7,12,1
24,33,9,4,2
26,24,2,8,2
31,37,2,6,2
37,64,7,14,2
19,24,12,8,0
32,34,10,8,2
34,76,3,10,2
29,72,8,3,2
18,71,12,8,2
34,39,8,12,1
35,45,2,8,2
31,72,6,9,2
34,55,3,4,2
27,22,7,9,2
16,30,7,7,2
33,59,2,7,2
23,45,12,4,2
18,49,9,14,1
32,46,11,6,2
22,53,7,6,2
28,31,3,8,2
25,41,11,10,1
22,46,11,3,2
15,62,4,5,2
18,73,5,1,2
35,27,1,14,2
19,21,7,3,2
31,75,1,10,2
37,47,10,5,2
31,58,9,9,2
25,75,3,3,2
20,42,4,7,2
40,67,11,10,2
33,43,12,2,2
30,26,7,11,1
21,23,7,7,2
15,76,8,4,2
30,28,8,5,2
15,42,3,6,2
24,26,11,2,2
32,37,9,14,1
34,42,2,11,2
28,58,7,3,2
40,49,11,8,2
17,70,12,9,2
18,76,12,11,2
29,39,4,6,2
36,68,11,7,2
33,75,4,8,2
29,50,6,12,1
39,38,7,2,2
16,37,3,8,2
16,50,1,8,2
32,69,3,2,2
39,74,6,13,2
34,62,10,13,1
34,79,10,11,2
15,31,11,10,1
24,55,4,4,2
32,64,9,4,2
37,49,6,12,2
27,74,2,13,2
37,80,12,11,2
35,23,2,5,2
17,39,5,11,2
36,79,3,14,2
25,24,12,9,0
24,25,7,8,2
37,74,3,14,2
26,67,11,3,2
32,42,9,5,2
33,72,3,11,2
18,73,11,9,2
20,60,12,6,2
25,34,2,1,2
26,40,4,14,2
33,43,2,1,2
19,36,11,8,0
36,68,1,13,2
34,71,8,4,2
39,74,10,9,2
24,64,4,13,2
23,47,8,10,1
15,27,3,13,2
37,77,9,14,2
15,69,10,7,2
25,59,9,12,1
39,57,11,14,2
21,63,9,5,2
17,24,10,9,0
28,40,4,7,2
16,39,2,9,2
39,45,8,14,2
30,50,1,6,2
36,76,9,5,2
38,33,2,11,2
15,77,4,7,2
33,55,12,9,2
27,53,4,9,2
31,47,3,11,2
34,72,9,4,2
29,20,3,9,2
15,22,11,2,2
19,60,1,14,2
27,29,6,10,1
37,47,10,13,2
25,29,8,2,2
18,31,2,13,2
17,60,6,8,2
33,71,10,11,2
16,25,2,2,2
21,78,5,8,2
37,58,2,1,2
34,52,8,7,2
28,50,12,9,2
16,26,12,4,2
37,55,12,4,2
32,42,11,10,1
38,28,8,11,2
32,63,4,7,2
37,34,10,2,2
39,47,11,13,2
25,22,6,13,1
20,46,11,13,1
37,32,4,13,2
19,64,4,5,2
24,50,8,14,1
33,49,12,13,1
40,47,2,13,2
39,39,9,11,2
31,58,12,9,2
17,71,1,3,2
36,53,8,7,2
37,48,12,7,2
29,26,8,10,1
34,77,7,3,2
36,70,4,12,2
23,75,12,7,2
31,65,9,6,2
17,79,4,8,2
36,38,2,6,2
24,34,7,8,2
37,62,2,4,2
20,42,6,4,2
22,58,11,11,1
22,35,4,4,2
24,51,9,6,2
26,69,9,2,2
21,70,7,3,2
28,42,1,14,2
16,59,4,7,2
35,29,4,8,2
25,33,2,11,2
17,78,3,13,2
39,40,3,10,2
21,48,7,9,2
24,71,6,5,2
25,64,6,12,1
39,73,3,14,2
15,77,5,5,2
19,28,4,3,2
38,50,11,3,2
21,23,7,7,2
28,54,5,4,2
35,20,8,7,2
30,22,6,6,2
32,44,9,12,1
31,29,2,14,2
23,33,7,10,1
24,70,6,7,2
35,71,7,5,2
17,67,12,8,2
24,65,7,13,1
15,56,10,14,1
34,63,9,14,1
25,57,2,3,2
27,20,4,2,2
20,61,9,6,2
26,30,4,1,2
20,35,1,5,2
32,66,1,13,2
29,42,12,9,2
18,50,1,12,2
32,68,1,13,2
36,79,7,14,2
22,20,9,14,1
31,79,1,5,2
24,65,5,4,2
27,73,2,11,2
19,25,9,6,2
32,68,9,11,1
33,61,4,6,2
34,60,10,10,1
21,44,7,3,2
30,75,7,7,2
36,40,1,13,2
18,69,1,2,2
39,66,1,5,2
21,51,12,3,2
23,76,11,5,2
28,74,3,9,2
31,45,4,4,2
24,46,12,1,2
23,79,10,4,2
15,50,4,8,2
30,47,7,8,2
25,75,3,2,2
32,74,3,6,2
24,48,4,11,2
30,58,7,5,2
38,80,2,11,2
27,51,6,1,2
35,67,9,12,2
21,25,10,14,1
16,22,6,6,2
36,23,2,14,2
21,25,3,6,2
20,42,9,2,2
40,24,7,3,2
35,26,12,14,2
29,57,5,7,2
17,60,4,6,2
40,28,6,11,2
25,60,7,4,2
24,73,4,8,2
39,71,9,1,2
39,42,3,14,2
21,27,11,13,1
33,26,8,1,2
37,26,11,12,2
15,30,8,8,0
35,50,3,13,2
29,73,2,3,2
18,60,11,2,2
19,80,3,6,2
21,26,8,13,1
25,43,1,10,2
23,69,1,1,2
22,57,4,13,2
18,56,8,3,2
38,48,2,12,2
35,51,1,6,2
22,45,1,6,2
20,56,3,14,2
21,28,1,7,2
35,63,12,9,2
36,25,8,7,2
23,79,3,10,2
35,50,7,13,2
34,49,2,9,2
30,54,9,4,2
34,21,6,11,1
33,37,9,12,1
25,79,2,5,2
26,21,11,3,2
31,38,11,3,2
21,58,11,5,2
27,62,1,5,2
26,20,7,10,1
16,51,8,12,1
32,22,4,12,2
35,21,4,8,2
22,43,8,13,1
29,56,11,1,2
40,37,9,3,2
28,74,10,4,2
32,78,11,3,2
23,48,10,7,2
28,61,9,13,1
25,61,4,12,2
39,46,5,5,2
23,52,1,14,2
36,64,3,1,2
17,23,11,6,2
37,49,3,6,2
18,41,10,4,2
31,37,8,4,2
38,27,10,12,2
23,38,5,5,2
19,64,9,12,1
23,43,9,9,0
28,66,3,6,2
25,43,4,11,2
24,22,10,11,1
24,54,12,10,1
21,44,5,11,2
31,77,12,1,2
36,36,1,13,2
40,50,5,14,2
33,27,6,6,2
36,54,3,5,2
26,50,9,7,2
20,20,6,13,1
27,65,4,7,2
15,57,2,6,2
19,79,5,9,2
37,59,12,6,2
34,80,9,11,2
31,20,4,14,2
18,64,2,10,2
22,75,6,1,2
27,33,3,13,2
33,41,11,2,2
26,42,1,2,2
15,23,2,10,2
30,60,5,6,2
16,56,6,9,2
23,60,5,4,2
26,73,2,9,2
32,30,8,6,2
30,52,3,9,2
20,61,3,9,2
34,25,3,4,2
15,51,6,1,2
27,53,11,9,2
16,53,3,11,2
21,20,2,4,2
23,32,12,4,2
20,37,9,5,2
34,74,4,9,2
17,77,1,10,2
24,64,11,14,1
34,70,11,13,2
31,48,7,4,2
36,30,2,8,2
33,27,3,1,2
20,45,8,12,1
20,73,5,9,2
38,47,4,5,2
27,61,10,7,2
22,36,2,3,2
38,28,3,14,2
24,48,9,3,2
24,24,9,13,1
28,37,4,3,2
39,66,8,3,2
22,70,12,5,2
33,65,9,13,1
40,53,9,14,2
26,70,5,6,2
33,25,4,11,2
36,43,1,14,2
30,62,7,12,1
29,23,6,10,1
32,35,9,2,2
29,29,3,3,2
24,51,3,7,2
38,31,7,12,2
40,27,7,9,2
26,37,9,9,0
26,77,5,1,2
30,59,9,1,2
39,66,11,9,2
29,78,8,7,2
24,49,2,5,2
27,67,9,4,2
27,25,10,13,1
17,66,5,14,2
20,66,8,4,2
30,32,4,12,2
35,51,10,3,2
28,62,6,3,2
27,72,4,7,2
18,58,6,1,2
29,20,9,8,2
15,45,6,2,2
17,67,1,7,2
29,33,11,8,2
18,80,12,13,2
16,29,11,5,2
26,47,12,3,2
37,60,4,7,2
21,22,8,10,1
37,50,1,14,2
24,48,3,14,2
33,38,3,5,2
36,78,2,3,2
25,53,12,1,2
16,56,8,5,2
31,42,12,6,2
36,52,2,11,2
24,34,12,10,1
32,59,8,13,1
25,49,12,3,2
33,45,3,12,2
36,53,9,5,2
22,39,3,2,2
21,42,8,6,2
17,67,2,2,2
29,54,11,7,2
21,40,5,8,2
22,34,6,4,2
35,68,9,9,2
16,63,1,8,2
20,46,2,12,2
40,66,3,7,2
35,73,2,14,2
34,53,5,10,2
20,34,10,10,1
30,51,10,14,1
18,34,7,14,1
31,22,3,10,2
19,45,3,6,2
37,63,2,12,2
29,66,5,13,2
21,21,7,12,1
25,32,8,2,2
22,41,1,12,2
27,35,11,5,2
33,61,12,9,2
18,28,4,2,2
25,61,3,14,2
29,51,3,6,2
25,80,1,10,2
25,44,3,8,2
20,70,10,14,2
38,70,5,10,2
30,65,1,2,2
37,53,8,7,2
31,21,9,1,2
23,42,11,5,2
17,43,4,1,2
26,52,10,6,2
33,55,4,6,2
18,24,2,9,2
39,26,10,2,2
18,42,4,8,2
32,24,12,6,2
16,46,11,10,1
20,74,7,10,2
15,77,2,9,2
23,27,12,12,1
32,29,2,14,2
24,45,1,10,2
28,37,7,5,2
15,42,6,14,1
36,36,7,6,2
40,71,10,2,2
33,47,5,12,2
32,47,11,3,2
28,66,10,12,1
29,42,5,7,2
26,50,4,8,2
35,44,11,11,2
15,75,10,8,2
40,43,9,8,2
29,45,3,11,2
15,70,12,4,2
35,54,1,11,2
28,41,6,1,2
18,20,1,6,2
23,26,6,11,1
16,24,5,14,2
35,44,3,12,2
32,53,11,14,1
40,30,7,12,2
15,64,11,11,1
28,37,6,9,2
32,25,9,1,2
37,28,12,6,2
30,54,7,4,2
24,27,7,10,1
33,53,1,4,2
26,35,12,2,2
32,23,8,3,2
29,54,2,3,2
38,25,6,12,2
25,61,4,1,2
28,28,6,6,2
35,46,10,9,2
16,75,5,1,2
15,45,1,12,2
33,50,9,7,2
38,59,7,10,2
39,60,10,14,2
35,76,8,5,2
15,57,7,6,2
36,69,9,2,2
17,29,8,11,1
18,75,9,2,2
18,72,11,11,2
35,48,11,5,2
27,61,9,10,1
20,56,6,12,1
34,73,1,10,2
21,20,8,9,0
29,38,4,2,2
27,35,4,9,2
35,20,5,7,2
25,39,7,12,1
31,60,3,13,2
28,63,7,7,2
22,65,1,9,2
33,72,8,10,2
26,55,2,8,2
39,35,1,13,2
29,41,4,14,2
23,62,7,5,2
40,66,11,8,2
28,20,4,7,2
30,74,12,13,2
20,55,12,11,1
37,22,2,7,2
22,36,8,9,0
19,70,6,1,2
20,60,7,12,1
21,51,2,1,2
39,68,7,3,2
26,62,9,4,2
33,69,8,5,2
34,37,12,12,1
34,24,6,4,2
21,41,7,3,2
36,29,9,13,2
15,27,2,1,2
23,24,3,2,2
32,77,1,11,2
28,68,8,7,2
31,25,5,13,2
36,52,12,8,2
40,52,8,5,2
33,43,11,3,2
34,67,11,14,1
26,24,9,11,1
31,68,2,14,2
24,45,6,3,2
22,43,10,8,0
36,55,9,12,2
27,62,9,1,2
23,36,1,5,2
32,35,8,3,2
31,60,3,11,2
17,60,1,2,2
33,24,12,12,1
40,46,10,1,2
20,22,3,6,2
28,32,3,5,2
32,45,1,6,2
37,60,12,8,2
26,39,9,3,2
28,31,10,3,2
20,76,2,8,2
39,23,11,5,2
16,33,4,5,2
34,27,4,1,2
33,60,8,7,2
18,54,3,3,2
19,22,4,5,2
29,38,6,2,2
17,33,6,4,2
34,79,3,2,2
16,47,8,2,2
40,61,10,2,2
21,39,4,6,2
32,54,6,14,1
39,54,8,9,2
31,33,5,6,2
17,26,1,1,2
28,30,10,4,2
16,73,11,8,2
32,27,1,9,2
25,69,11,9,2
15,73,1,3,2
26,59,9,8,2
23,61,12,10,1
30,50,7,7,2
24,32,4,11,2
27,29,3,12,2
20,70,6,9,2
31,60,7,2,2
21,30,8,8,0
28,59,7,9,2
15,56,1,3,2
37,58,1,12,2
18,66,11,5,2
39,43,10,10,2
17,78,10,1,2
27,30,12,11,1
30,26,6,11,1
18,37,11,7,2
39,33,10,5,2
19,76,5,6,2
23,57,2,6,2
17,29,6,8,2
26,34,8,5,2
30,29,1,11,2
15,48,1,4,2
36,78,4,3,2
26,80,9,6,2
32,62,9,5,2
37,35,10,3,2
27,64,7,1,2
18,27,12,12,1
40,53,1,7,2
33,79,4,12,2
25,79,2,12,2
17,37,10,14,1
32,31,6,10,1
39,40,9,13,2
35,36,11,6,2
17,55,8,1,2
22,44,1,10,2
34,48,7,11,1
28,37,4,3,2
34,58,3,10,2
18,27,8,9,0
21,49,11,1,2
32,62,6,8,2
26,51,3,1,2
31,42,9,7,2
26,73,11,11,2
27,69,3,8,2
35,68,6,2,2
19,30,2,14,2
23,22,9,7,2
32,63,6,9,2
17,47,11,12,1
16,29,3,1,2
27,53,12,3,2
16,51,5,12,2
24,21,6,13,1
36,27,5,5,2
38,63,6,1,2
24,48,5,3,2
29,78,8,10,2
21,58,8,2,2
23,71,2,9,2
25,75,10,8,2
19,52,5,14,2
29,78,4,5,2
40,36,5,12,2
31,74,7,2,2
22,26,4,9,2
39,21,5,5,2
33,37,5,14,2
31,25,6,6,2
18,66,11,9,2
31,56,2,1,2
40,28,10,8,2
27,48,12,10,1
25,78,9,10,2
33,20,12,14,1
37,26,10,13,2
30,42,10,10,1
35,61,10,9,2
32,27,4,9,2
28,47,8,3,2
40,35,5,2,2
17,20,1,11,2
32,62,5,1,2
34,76,10,3,2
20,39,7,12,1
34,58,12,12,1
18,47,3,9,2
35,28,5,6,2
38,72,3,6,2
29,30,7,10,1
22,66,4,11,2
32,42,7,1,2
37,58,5,6,2
24,21,10,9,0
33,25,1,10,2
24,45,8,1,2
21,62,4,1,2
38,54,5,13,2
28,75,7,13,2
15,20,9,11,1
26,77,6,5,2
38,56,6,10,2
21,68,12,2,2
34,64,7,2,2
25,51,5,2,2
22,50,6,14,1
23,40,12,3,2
16,47,6,3,2
33,31,7,1,2
34,52,11,1,2
38,80,4,2,2
22,28,6,6,2
29,21,9,6,2
22,45,6,3,2
29,70,2,6,2
15,64,12,12,1
31,59,9,7,2
23,56,11,7,2
26,56,6,11,1
15,73,8,3,2
15,35,9,10,1
40,68,3,11,2
40,48,4,7,2
27,35,1,2,2
29,24,11,11,1
32,32,12,1,2
26,38,4,8,2
23,76,1,11,2
38,38,8,8,2
17,29,7,12,1
30,80,3,7,2
15,38,4,2,2
31,69,4,1,2
18,38,9,12,1
32,45,9,13,1
26,41,11,5,2
18,53,6,12,1
38,45,3,5,2
23,52,5,2,2
26,48,9,1,2
33,24,1,4,2
22,41,6,11,1
20,76,9,9,2
15,32,7,3,2
27,29,9,9,0
21,40,9,7,2
36,80,4,4,2
22,62,10,10,1
28,66,6,11,1
20,37,4,13,2
34,74,12,14,2
21,67,10,14,1
16,46,10,5,2
32,70,1,11,2
35,45,2,7,2
27,41,4,5,2
32,22,10,6,2
18,60,1,6,2
32,36,4,2,2
40,78,11,6,2
39,78,11,4,2
35,51,6,13,2
24,73,8,5,2
16,40,1,8,2
24,76,5,13,2
33,58,11,4,2
27,65,8,7,2
21,65,4,13,2
39,21,2,3,2
21,57,9,6,2
15,46,7,4,2
31,57,2,4,2
39,33,7,4,2
28,59,1,6,2
32,33,2,3,2
21,33,12,14,1
34,80,4,3,2
38,80,1,6,2
30,66,10,1,2
27,57,4,3,2
26,41,7,9,2
17,20,2,14,2
20,45,4,9,2
38,24,8,11,2
25,33,10,3,2
31,23,5,13,2
35,50,12,2,2
34,60,10,5,2
29,65,2,3,2
15,71,9,2,2
24,46,12,8,0
40,27,1,11,2
30,29,11,9,2
24,59,4,9,2
18,29,1,13,2
17,72,12,7,2
15,24,1,14,2
33,48,10,3,2
36,47,5,6,2
27,25,8,6,2
36,23,4,11,2
36,69,9,2,2
29,57,3,12,2
36,55,1,11,2
39,41,11,8,2
16,24,5,9,2
27,77,8,5,2
26,23,5,9,2
32,63,8,13,1
33,35,5,7,2
34,62,6,6,2
32,62,10,11,1
38,38,5,14,2
23,30,8,14,1
17,23,7,3,2
25,74,1,6,2
26,20,1,10,2
31,46,12,5,2
23,69,9,7,2
39,54,7,13,2
24,62,5,3,2
39,29,3,8,2
31,63,8,9,2
32,71,6,13,2
15,55,10,2,2
31,23,3,9,2
35,56,12,12,2
33,53,11,6,2
38,78,7,12,2
29,60,12,5,2
22,54,3,8,2
16,76,1,5,2
27,36,2,9,2
39,41,3,4,2
31,51,9,13,1
32,58,6,14,1
17,22,8,6,2
26,73,11,1,2
36,77,6,10,2
25,71,7,13,2
26,55,12,3,2
16,41,5,2,2
34,55,12,14,1
16,25,8,12,1
23,47,5,8,2
16,79,8,14,2
35,54,1,14,2
24,60,11,12,1
30,65,7,9,2
39,29,6,2,2
39,42,3,9,2
25,47,6,3,2
24,57,6,11,1
19,47,11,3,2
17,52,8,14,1
24,53,5,7,2
30,62,12,7,2
39,42,12,5,2
34,74,10,9,2
20,65,7,10,1
16,38,7,10,1
32,71,2,5,2
24,71,8,9,2
36,56,7,13,2
26,20,10,14,1
30,40,5,10,2
36,58,3,13,2
26,68,1,5,2
22,27,4,12,2
29,42,5,8,2
36,44,4,14,2
38,54,4,8,2
24,22,9,1,2
19,38,10,9,0
40,31,9,12,2
28,27,4,3,2
22,68,10,7,2
17,43,6,2,2
21,23,9,9,0
36,42,9,1,2
35,38,9,14,2
16,67,7,7,2
32,24,4,3,2
34,23,9,1,2
39,49,3,3,2
17,52,11,4,2
22,44,12,2,2
16,71,12,10,2
36,76,5,14,2
28,30,12,2,2
33,73,3,2,2
23,32,3,7,2
24,57,7,1,2
33,58,12,12,1
29,27,5,10,2
38,48,11,7,2
22,21,8,2,2
18,33,2,1,2
17,62,10,2,2
40,64,10,2,2
24,33,2,3,2
34,39,4,11,2
20,25,11,11,1
21,32,8,12,1
30,78,5,3,2
28,76,6,1,2
35,30,6,9,2
30,38,12,13,1
40,64,7,7,2
33,66,2,7,2
20,67,11,11,1
33,69,8,6,2
38,40,7,13,2
31,38,12,8,2
16,55,3,9,2
32,50,8,6,2
39,63,2,1,2
30,66,3,9,2
27,33,9,2,2
34,57,7,13,1
29,23,11,14,1
17,53,6,9,2
32,79,3,8,2
30,54,1,7,2
24,80,1,8,2
26,80,12,8,2
21,20,7,12,1
20,23,1,5,2
31,41,10,1,2
23,68,2,3,2
27,21,4,13,2
39,68,9,9,2
22,39,4,10,2
28,38,3,3,2
31,51,11,12,1
22,42,9,10,1
15,52,3,10,2
30,74,10,2,2
33,22,6,4,2
21,78,3,14,2
33,23,12,13,1
38,64,1,11,2
23,44,6,7,2
32,21,8,5,2
37,46,9,7,2
36,37,3,4,2
33,76,5,7,2
15,79,5,2,2
33,31,8,11,1
38,61,8,9,2
28,29,10,13,1
22,42,10,14,1
38,79,12,4,2
33,35,1,10,2
15,52,10,6,2
25,49,12,6,2
40,24,8,10,2
19,74,12,11,2
39,48,4,3,2
24,62,3,5,2
31,26,6,7,2
33,29,9,14,1
15,74,7,5,2
32,30,10,7,2
19,25,3,9,2
31,75,2,4,2
33,48,12,5,2
28,24,7,8,2
24,75,3,14,2
22,63,1,13,2
40,24,1,6,2
15,33,3,7,2
35,61,6,14,2
34,25,9,13,1
40,33,9,10,2
19,63,1,2,2
33,63,5,14,2
15,71,5,10,2
40,78,12,4,2
36,70,5,5,2
38,24,6,3,2
26,57,7,8,2
28,62,9,8,2
31,45,9,13,1
29,31,5,4,2
33,34,10,5,2
22,26,1,13,2
17,39,6,7,2
17,39,8,1,2
15,75,12,9,2
36,58,4,12,2
26,46,10,4,2
28,49,12,9,0
26,59,4,11,2
40,34,2,7,2
26,48,12,13,1
27,24,5,4,2
18,34,8,10,1
18,53,10,9,2
26,52,9,4,2
37,80,4,8,2
20,79,12,12,2
29,74,2,11,2
36,80,4,13,2
26,41,3,14,2
16,28,10,2,2
30,30,10,12,1
24,31,12,12,1
19,31,11,10,1
31,74,8,14,2
38,53,8,2,2
34,79,6,14,2
38,38,8,8,2
15,52,7,11,1
22,32,10,4,2
37,49,9,5,2
21,67,3,13,2
26,62,10,13,1
27,24,5,12,2
36,59,2,10,2
31,45,6,6,2
22,31,10,4,2
30,37,1,9,2
39,22,2,7,2
29,64,4,8,2
26,63,10,14,1
27,23,12,9,0
19,38,5,14,2
26,25,4,13,2
30,52,3,5,2
17,49,5,3,2
22,44,12,3,2
20,23,6,6,2
17,76,7,1,2
30,32,9,2,2
26,74,5,14,2
32,32,7,4,2
21,26,2,7,2
22,79,2,3,2
40,32,3,8,2
19,79,10,7,2
38,71,12,3,2
32,53,6,2,2
26,20,10,9,0
30,57,2,7,2
30,67,11,1,2
16,72,11,13,2
37,70,6,3,2
36,25,4,14,2
25,65,10,2,2
18,43,7,1,2
27,71,11,2,2
39,25,1,13,2
16,67,6,7,2
21,56,5,14,2
25,46,6,1,2
33,61,3,11,2
37,22,4,11,2
16,69,3,10,2
28,77,9,11,2
19,26,6,14,1
24,59,1,7,2
16,39,2,4,2
23,50,5,14,2
34,41,1,3,2
18,49,4,8,2
36,45,10,6,2
27,34,2,8,2
29,31,10,2,2
29,25,1,6,2
26,70,2,4,2
28,67,6,6,2
17,38,11,2,2
39,56,8,9,2
31,45,11,12,1
31,67,1,5,2
16,48,10,7,2
40,74,8,10,2
17,66,5,4,2
38,72,2,1,2
27,20,12,7,2
16,65,1,1,2
23,64,1,13,2
34,34,12,12,1
19,54,1,9,2
28,33,8,8,0
30,63,4,4,2
25,65,4,10,2
32,24,8,6,2
29,22,2,7,2
40,59,5,4,2
17,75,6,13,2
25,46,12,9,0
20,22,12,9,0
22,51,4,7,2
19,65,7,8,2
24,20,8,5,2
35,58,6,7,2
29,64,8,7,2
17,42,5,2,2
32,75,8,13,2
15,33,8,11,1
26,53,4,7,2
18,64,7,2,2
27,75,11,1,2
36,24,7,10,2
28,58,9,3,2
38,73,9,4,2
15,31,10,13,1
40,58,7,9,2
19,42,9,5,2
21,78,8,14,2
37,61,2,1,2
32,27,12,2,2
35,62,1,9,2
19,35,9,12,1
29,64,9,11,1
16,40,5,9,2
17,70,11,12,2
31,71,11,14,2
19,60,4,4,2
29,68,12,8,2
26,65,7,3,2
27,65,8,13,1
27,35,6,1,2
31,58,3,5,2
36,57,11,12,2
32,50,12,1,2
27,27,6,8,2
34,35,2,6,2
18,21,11,13,1
23,54,9,4,2
27,28,2,12,2
30,73,4,11,2
39,60,2,6,2
16,49,12,10,1
33,34,6,8,2
28,65,2,10,2
18,34,4,13,2
28,74,8,5,2
23,53,11,5,2
18,55,7,6,2
33,42,10,1,2
36,42,1,6,2
30,20,11,8,2
27,76,5,5,2
23,58,4,7,2
35,22,1,9,2
26,34,5,10,2
18,54,3,14,2
32,34,2,8,2
40,79,4,3,2
19,30,2,11,2
35,29,7,14,2
25,51,11,13,1
37,65,3,12,2
30,39,11,10,1
39,78,3,6,2
35,42,10,8,2
36,37,11,11,2
25,49,8,3,2
35,54,7,3,2
40,57,11,10,2
15,46,2,1,2
16,30,5,1,2
29,46,3,10,2
26,69,3,10,2
24,41,3,11,2
38,38,10,10,2
22,50,12,12,1
25,62,7,3,2
35,38,5,5,2
19,69,11,5,2
40,28,8,12,2
40,80,1,2,2
18,74,4,8,2
36,43,11,13,2
26,44,3,10,2
26,32,1,2,2
39,36,2,3,2
38,78,9,8,2
33,56,10,14,1
37,78,9,1,2
22,42,2,12,2
37,40,7,4,2
18,47,8,2,2
25,77,10,8,2
26,48,2,13,2
19,36,6,3,2
23,55,11,4,2
40,57,10,7,2
29,21,9,4,2
31,61,11,3,2
38,55,5,5,2
24,56,7,13,1
40,20,12,6,2
38,60,8,7,2
34,40,10,1,2
20,79,10,12,2
32,31,10,3,2
29,40,10,10,1
34,24,1,13,2
35,71,12,14,2
17,56,2,13,2
32,60,5,1,2
36,41,2,8,2
23,43,1,3,2
36,35,11,7,2
32,79,4,4,2
33,54,3,1,2
33,54,4,6,2
36,21,5,14,2
36,72,7,12,2
38,77,3,12,2
16,60,10,14,1
32,76,5,7,2
21,23,8,8,0
22,62,12,12,1
33,30,5,13,2
15,49,9,7,2
35,53,9,14,2
29,70,2,10,2
29,70,9,9,2
31,65,10,4,2
35,46,5,14,2
40,41,2,10,2
16,38,5,12,2
40,68,7,3,2
37,37,6,12,2
24,50,2,9,2
16,67,6,13,1
35,24,10,4,2
37,44,8,5,2
23,34,7,14,1
38,75,8,9,2
25,58,3,5,2
29,25,4,6,2
15,68,9,12,1
23,49,3,13,2
23,21,10,6,2
34,35,7,7,2
29,33,12,10,1
33,50,6,1,2
35,45,7,9,2
32,39,12,1,2
36,22,10,7,2
33,58,3,5,2
31,71,2,5,2
38,72,2,1,2
40,45,4,12,2
23,60,6,9,2
38,21,2,10,2
30,77,1,11,2
36,39,4,3,2
37,75,11,7,2
33,22,5,7,2
31,67,12,10,1
25,58,6,14,1
21,30,12,12,1
28,59,4,2,2
39,29,12,10,2
32,61,1,9,2
36,22,9,2,2
29,62,3,8,2
22,72,11,7,2
39,69,10,3,2
27,51,8,5,2
37,76,7,3,2
15,49,12,3,2
32,50,10,11,1
26,38,11,6,2
34,74,11,2,2
31,56,8,4,2
17,42,7,2,2
34,24,12,4,2
17,53,6,7,2
15,41,12,2,2
22,62,5,1,2
19,47,1,7,2
25,55,2,8,2
15,49,5,2,2
23,61,8,11,1
38,58,10,4,2
28,39,6,1,2
26,44,8,2,2
39,39,2,1,2
25,38,11,6,2
15,46,2,14,2
15,67,8,8,2
18,39,10,2,2
35,37,9,8,2
36,56,2,2,2
34,42,9,11,1
21,61,11,13,1
32,32,12,3,2
31,51,4,2,2
27,59,6,5,2
29,60,3,8,2
39,49,8,6,2
19,44,4,8,2
30,29,9,5,2
20,31,5,2,2
29,28,4,10,2
35,35,9,6,2
33,41,3,1,2
27,62,8,11,1
37,36,3,2,2
25,37,11,7,2
37,37,4,3,2
25,49,6,12,1
18,33,12,13,1
35,51,4,2,2
25,61,1,13,2
35,47,2,4,2
20,30,2,8,2
25,21,12,5,2
27,29,8,1,2
38,52,3,4,2
38,73,5,5,2
39,64,9,2,2
32,41,8,7,2
37,38,5,8,2
35,57,3,2,2
25,77,8,1,2
25,64,1,6,2
15,57,11,8,2
39,21,12,4,2
21,77,1,6,2
36,27,6,1,2
21,77,10,12,2
31,62,8,3,2
40,20,1,13,2
17,34,2,11,2
25,41,12,2,2
15,49,10,10,1
40,31,9,8,2
18,20,2,14,2
23,24,8,9,0
21,20,8,7,2
27,53,6,6,2
40,37,1,13,2
29,79,1,13,2
28,26,9,12,1
22,41,6,10,1
25,63,2,6,2
22,32,12,12,1
28,35,10,11,1
18,21,1,11,2
38,69,11,8,2
40,66,2,10,2
19,37,12,11,1
28,61,8,10,1
26,75,2,10,2
34,24,5,8,2
40,39,1,1,2
15,62,10,14,1
26,60,4,13,2
30,20,4,14,2
29,37,11,11,1
31,48,11,8,2
23,45,11,9,0
30,74,9,14,2
38,50,12,7,2
40,25,11,10,2
18,49,7,6,2
27,39,7,9,2
38,61,11,14,2
22,45,11,7,2
24,64,11,4,2
25,69,3,3,2
25,60,4,7,2
23,45,7,11,1
34,62,4,11,2
25,61,6,6,2
27,45,8,8,0
32,25,10,5,2
29,38,9,10,1
32,29,1,3,2
29,38,1,6,2
38,42,6,1,2
29,49,4,7,2
34,27,12,3,2
32,49,9,12,1
21,52,5,1,2
36,79,10,4,2
20,50,7,11,1
20,71,9,9,2
30,40,7,11,1
39,40,3,8,2
15,38,6,6,2
35,52,9,5,2
39,40,9,11,2
36,73,4,13,2
19,62,2,2,2
35,64,1,14,2
35,48,9,14,2
18,80,3,7,2
33,31,2,6,2
27,41,8,11,1
22,23,8,1,2
38,78,9,12,2
37,51,1,6,2
34,31,4,1,2
32,77,5,14,2
33,49,10,7,2
27,27,10,14,1
26,20,5,5,2
22,75,6,13,2
36,73,5,1,2
35,60,11,4,2
17,31,7,9,2
25,60,3,4,2
30,38,3,5,2
27,32,10,3,2
19,49,4,5,2
23,54,10,10,1
23,62,6,6,2
30,74,11,14,2
22,70,10,12,2
20,40,9,14,1
28,54,10,13,1
21,60,3,6,2
40,60,11,12,2
37,32,8,8,2
24,38,10,11,1
36,30,8,7,2
25,50,11,8,2
17,47,12,1,2
36,51,6,9,2
37,73,11,11,2
17,76,1,13,2
32,62,4,4,2
19,76,10,13,2
38,25,11,11,2
36,27,3,11,2
37,56,10,10,2
27,73,4,10,2
33,80,11,9,2
30,50,10,12,1
20,54,9,3,2
33,76,2,6,2
18,33,5,5,2
32,79,5,5,2
35,61,5,1,2
21,73,3,12,2
15,27,11,1,2
24,44,3,2,2
38,45,3,4,2
36,29,8,4,2
24,51,9,12,1
16,49,10,6,2
31,63,7,6,2
32,43,11,4,2
34,60,11,1,2
25,44,10,7,2
32,41,6,5,2
32,49,1,1,2
23,54,11,2,2
17,77,5,9,2
26,66,8,6,2
33,42,12,8,2
23,34,11,12,1
16,62,4,1,2
39,70,1,6,2
17,71,3,1,2
23,69,5,5,2
33,68,4,12,2
25,75,10,5,2
28,59,11,12,1
19,37,6,14,1
24,34,6,4,2
39,47,3,8,2
33,61,8,10,1
31,62,2,13,2
38,27,2,4,2
17,76,1,3,2
38,75,12,8,2
32,77,11,1,2
32,68,11,1,2
24,42,6,13,1
40,50,11,11,2
36,70,8,1,2
38,50,9,12,2
39,80,7,5,2
22,53,2,14,2
28,60,9,12,1
33,44,2,4,2
36,72,9,9,2
20,79,8,8,2
17,78,11,13,2
23,57,12,1,2
28,58,4,1,2
37,77,2,10,2
27,65,6,8,2
30,39,1,11,2
36,34,2,3,2
39,69,11,7,2
21,24,5,10,2
33,71,5,10,2
17,36,9,7,2
33,69,6,4,2
27,28,11,3,2
39,75,1,10,2
39,67,5,13,2
24,75,7,6,2
32,52,6,9,2
22,26,1,13,2
18,72,4,3,2
34,50,5,13,2
16,49,10,2,2
29,24,8,14,1
40,62,2,6,2
38,43,2,6,2
27,62,3,10,2
17,39,10,5,2
21,78,5,8,2
15,42,6,3,2
28,60,7,4,2
38,42,6,10,2
17,56,11,8,2
22,41,5,10,2
16,36,7,13,1
29,51,7,2,2
22,72,6,1,2
19,22,12,13,1
20,61,1,5,2
16,49,6,9,2
24,33,10,1,2
32,37,7,8,2
34,43,12,2,2
40,62,6,11,2
27,76,9,9,2
16,63,12,1,2
40,43,3,4,2
16,68,11,7,2
18,80,12,7,2
15,55,10,12,1
24,28,10,9,0
28,45,5,8,2
23,64,10,3,2
34,43,5,11,2
23,64,12,11,1
26,38,2,1,2
34,65,3,5,2
38,78,6,2,2
16,73,7,8,2
15,63,8,3,2
27,51,10,12,1
40,47,12,1,2
36,53,3,9,2
30,63,7,9,2
31,64,5,5,2
36,40,11,7,2
19,61,10,1,2
36,63,11,9,2
38,20,6,8,2
16,44,1,10,2
34,59,4,5,2
26,32,3,8,2
20,64,6,13,1
32,69,9,9,2
29,80,4,13,2
31,66,10,4,2
18,65,9,9,2
15,26,9,1,2
38,31,11,12,2
30,35,10,13,1
16,60,4,12,2
22,63,10,9,2
33,49,12,2,2
38,34,6,13,2
27,63,3,1,2
22,40,11,3,2
37,20,2,5,2
19,27,3,12,2
40,77,5,11,2
24,50,5,2,2
20,68,11,2,2
23,63,12,7,2
33,64,11,9,2
38,72,5,4,2
39,25,11,12,2
21,49,5,4,2
18,58,1,14,2
29,59,10,7,2
31,75,9,2,2
37,44,1,2,2
27,26,1,12,2
25,40,5,3,2
29,63,7,8,2
34,28,8,7,2
23,41,4,13,2
30,74,12,11,2
25,55,8,10,1
39,34,9,13,2
17,77,4,2,2
38,30,7,13,2
16,45,4,11,2
35,65,2,12,2
40,29,11,6,2
26,70,5,6,2
34,49,9,5,2
30,29,2,2,2
40,28,2,5,2
18,23,7,12,1
29,52,7,13,1
31,23,9,10,1
33,51,2,7,2
20,37,12,2,2
20,33,10,11,1
21,51,3,5,2
16,75,2,3,2
35,66,7,6,2
19,30,8,9,0
23,40,5,2,2
22,41,5,1,2
34,66,12,3,2
34,75,7,14,2
18,27,1,5,2
24,71,6,9,2
34,30,8,12,1
24,30,9,4,2
35,73,9,4,2
33,80,10,4,2
15,52,11,2,2
26,35,7,1,2
19,76,2,3,2
31,46,10,4,2
25,33,8,10,1
34,60,4,6,2
27,44,3,3,2
38,22,9,14,2
32,39,3,3,2
19,34,4,14,2
31,64,3,3,2
27,65,8,13,1
27,41,8,7,2
20,40,11,4,2
29,35,9,2,2
25,50,9,5,2
26,36,3,13,2
34,20,7,4,2
28,72,4,13,2
15,34,3,5,2
39,38,2,7,2
38,35,7,14,2
18,65,3,11,2
20,43,1,4,2
38,54,4,11,2
19,34,9,4,2
33,47,8,14,1
25,73,4,13,2
18,67,3,8,2
25,52,7,13,1
17,29,2,5,2
18,48,8,2,2
28,73,7,9,2
19,66,7,2,2
23,51,10,14,1
34,45,9,9,2
24,34,3,13,2
21,77,6,1,2
17,73,9,9,2
18,33,1,8,2
31,70,10,3,2
27,28,1,13,2
26,25,5,8,2
40,74,7,1,2
15,30,8,5,2
22,66,6,10,1
35,76,7,12,2
36,35,6,4,2
21,76,12,12,2
40,55,2,12,2
28,41,8,12,1
16,29,2,5,2
36,62,10,13,2
15,33,11,12,1
37,60,5,4,2
39,35,10,14,2
28,22,9,3,2
33,37,7,11,1
17,71,4,12,2
15,40,2,10,2
26,70,2,14,2
31,45,1,5,2
19,25,1,12,2
17,39,2,13,2
40,44,4,5,2
16,24,3,8,2
33,45,4,13,2
18,49,4,2,2
38,78,7,12,2
27,43,5,4,2
21,41,3,1,2
27,71,3,10,2
28,22,7,8,2
40,75,11,7,2
18,40,10,11,1
29,76,9,14,2
23,75,12,11,2
39,25,6,8,2
29,20,12,13,1
40,73,5,12,2
29,75,8,4,2
35,42,6,1,2
32,45,4,6,2
19,79,12,3,2
25,70,3,1,2
38,22,12,2,2
32,33,5,5,2
28,34,2,7,2
30,73,12,12,2
32,70,4,4,2
30,64,2,14,2
22,21,9,10,1
29,51,6,14,1
23,79,2,2,2
39,62,1,14,2
15,56,7,3,2
18,28,1,11,2
22,74,4,4,2
30,43,3,2,2
24,26,4,5,2
21,34,10,9,0
32,56,5,7,2
38,40,5,4,2
16,77,10,12,2
17,60,7,9,2
36,41,6,8,2
31,39,12,6,2
